   melancho  bril   milk milk milk milk milk milk milk milk milk milk milk milk milk milk milk milk milk milk milk milk milk milk milk milk milk   indie%20rock indie%20rock indie%20rock indie%20rock indie%20rock indie%20rock indie%20rock indie%20rock indie%20rock indie%20rock        neut neut neut neut neut neut neut neut neut neut neut neut neut neut neut neut neut neut neut neut neut neut neut neut neut    indie%20pop indie%20pop      rock rock    folk folk folk folk folk folk folk folk folk folk folk folk folk folk folk folk folk  90s 90s         altern altern altern   two-headed two-headed two-headed two-headed two-headed two-headed two-headed two-headed two-headed two-headed two-headed two-headed two-headed two-headed two-headed two-headed two-headed two-headed two-headed two-headed two-headed two-headed two-headed two-headed two-headed  boy boy boy boy boy boy boy boy boy boy boy boy boy boy boy boy boy boy boy boy boy boy boy boy boy   acoust acoust acoust acoust acoust acoust acoust acoust acoust acoust acoust acoust acoust     geni    indie%20folk indie%20folk indie%20folk indie%20folk       class   lov           mellow  elephant%206 elephant%206 elephant%206     1998         jeff%20mangum  favorit  lo-fi lo-fi lo-fi lo-fi lo-fi lo-fi    singer-songwrit singer-songwrit singer-songwrit  poetry     hotel hotel hotel hotel hotel hotel hotel hotel hotel hotel hotel hotel hotel hotel hotel hotel hotel hotel hotel hotel hotel hotel hotel hotel hotel  neutral%20milk%20hotel neutral%20milk%20hotel neutral%20milk%20hotel neutral%20milk%20hotel neutral%20milk%20hotel neutral%20milk%20hotel neutral%20milk%20hotel neutral%20milk%20hotel neutral%20milk%20hotel neutral%20milk%20hotel neutral%20milk%20hotel neutral%20milk%20hotel neutral%20milk%20hotel neutral%20milk%20hotel neutral%20milk%20hotel neutral%20milk%20hotel neutral%20milk%20hotel neutral%20milk%20hotel neutral%20milk%20hotel neutral%20milk%20hotel neutral%20milk%20hotel neutral%20milk%20hotel neutral%20milk%20hotel neutral%20milk%20hotel neutral%20milk%20hotel neutral%20milk%20hotel neutral%20milk%20hotel neutral%20milk%20hotel neutral%20milk%20hotel neutral%20milk%20hotel neutral%20milk%20hotel neutral%20milk%20hotel neutral%20milk%20hotel  beauty beauty beauty beauty      amaz   indy indy indy indy indy indy indy indy indy indy indy indy indy indy indy indy indy indy indy indy indy indy indy indy indy  two-headed%20boy two-headed%20boy two-headed%20boy two-headed%20boy two-headed%20boy two-headed%20boy two-headed%20boy two-headed%20boy two-headed%20boy two-headed%20boy two-headed%20boy two-headed%20boy two-headed%20boy two-headed%20boy two-headed%20boy two-headed%20boy two-headed%20boy two-headed%20boy two-headed%20boy two-headed%20boy two-headed%20boy two-headed%20boy two-headed%20boy two-headed%20boy two-headed%20boy  