alternative%20rock alternative%20rock alternative%20rock alternative%20rock alternative%20rock alternative%20rock alternative%20rock alternative%20rock alternative%20rock alternative%20rock alternative%20rock alternative%20rock alternative%20rock alternative%20rock alternative%20rock alternative%20rock alternative%20rock alternative%20rock alternative%20rock alternative%20rock  favourit favourit favourit favourit favourit  ann ann ann ann ann  vin vin vin vin vin vin vin vin vin vin vin vin vin vin vin vin vin vin vin vin vin vin vin vin vin  feeling%20blue feeling%20blue feeling%20blue feeling%20blue feeling%20blue  00s 00s 00s 00s 00s  aussy aussy aussy aussy aussy  perfect perfect perfect perfect perfect  gon gon gon gon gon gon gon gon gon gon gon gon gon gon gon gon gon gon gon gon gon gon gon gon gon  going%20gone going%20gone going%20gone going%20gone going%20gone going%20gone going%20gone going%20gone going%20gone going%20gone going%20gone going%20gone going%20gone going%20gone going%20gone going%20gone going%20gone going%20gone going%20gone going%20gone going%20gone going%20gone going%20gone going%20gone going%20gone going%20gone going%20gone going%20gone going%20gone going%20gone  indie%20rock indie%20rock indie%20rock indie%20rock indie%20rock indie%20rock indie%20rock indie%20rock indie%20rock indie%20rock  melanchol melanchol melanchol melanchol melanchol melanchol melanchol melanchol melanchol melanchol  lov lov lov lov lov  hamish%20rosser hamish%20rosser hamish%20rosser hamish%20rosser hamish%20rosser  britpop britpop britpop britpop britpop  ballad ballad ballad ballad ballad ballad ballad ballad ballad ballad  altern altern altern altern altern altern altern altern altern altern altern altern altern altern altern altern altern altern altern altern  grung grung grung grung grung  aust aust aust aust aust aust aust aust aust aust aust aust aust aust aust  swietn swietn swietn swietn swietn  alcohol%20rock alcohol%20rock alcohol%20rock alcohol%20rock alcohol%20rock alcohol%20rock alcohol%20rock alcohol%20rock alcohol%20rock alcohol%20rock  post-grunge post-grunge post-grunge post-grunge post-grunge post-grunge post-grunge post-grunge post-grunge post-grunge  wayne%20connolly wayne%20connolly wayne%20connolly wayne%20connolly wayne%20connolly  indy indy indy indy indy indy indy indy indy indy indy indy indy indy indy  ryan%20griffiths ryan%20griffiths ryan%20griffiths ryan%20griffiths ryan%20griffiths  delo%20nuevo%20en%20la%20esena%20del%20rock delo%20nuevo%20en%20la%20esena%20del%20rock delo%20nuevo%20en%20la%20esena%20del%20rock delo%20nuevo%20en%20la%20esena%20del%20rock delo%20nuevo%20en%20la%20esena%20del%20rock  craig%20nicholls craig%20nicholls craig%20nicholls craig%20nicholls craig%20nicholls  2006 2006 2006 2006 2006  andy%20kent andy%20kent andy%20kent andy%20kent andy%20kent  rock rock rock rock rock rock rock rock rock rock rock rock rock rock rock rock rock rock rock rock rock rock rock rock rock  the%20vines the%20vines the%20vines the%20vines the%20vines the%20vines the%20vines the%20vines the%20vines the%20vines the%20vines the%20vines the%20vines the%20vines the%20vines the%20vines the%20vines the%20vines the%20vines the%20vines the%20vines the%20vines the%20vines the%20vines the%20vines the%20vines the%20vines the%20vines the%20vines the%20vines 