indie%20folk indie%20folk indie%20folk indie%20folk indie%20folk indie%20folk indie%20folk indie%20folk indie%20folk indie%20folk indie%20folk indie%20folk  indy indy indy indy indy indy indy indy indy indy indy indy  lo-fi lo-fi lo-fi lo-fi lo-fi lo-fi lo-fi lo-fi lo-fi lo-fi lo-fi lo-fi  betalaskym betalaskym betalaskym betalaskym betalaskym betalaskym betalaskym betalaskym betalaskym betalaskym betalaskym betalaskym  the%20mountain%20goats the%20mountain%20goats the%20mountain%20goats the%20mountain%20goats the%20mountain%20goats the%20mountain%20goats the%20mountain%20goats the%20mountain%20goats the%20mountain%20goats the%20mountain%20goats the%20mountain%20goats the%20mountain%20goats the%20mountain%20goats the%20mountain%20goats the%20mountain%20goats the%20mountain%20goats the%20mountain%20goats the%20mountain%20goats the%20mountain%20goats the%20mountain%20goats the%20mountain%20goats the%20mountain%20goats the%20mountain%20goats the%20mountain%20goats the%20mountain%20goats the%20mountain%20goats the%20mountain%20goats the%20mountain%20goats the%20mountain%20goats the%20mountain%20goats the%20mountain%20goats the%20mountain%20goats the%20mountain%20goats the%20mountain%20goats the%20mountain%20goats the%20mountain%20goats the%20mountain%20goats  love%20love%20love%20this%20stuff love%20love%20love%20this%20stuff love%20love%20love%20this%20stuff love%20love%20love%20this%20stuff love%20love%20love%20this%20stuff love%20love%20love%20this%20stuff love%20love%20love%20this%20stuff love%20love%20love%20this%20stuff love%20love%20love%20this%20stuff love%20love%20love%20this%20stuff love%20love%20love%20this%20stuff love%20love%20love%20this%20stuff  chil chil chil chil chil chil chil chil chil chil chil chil  singer-songwrit singer-songwrit singer-songwrit singer-songwrit singer-songwrit singer-songwrit singer-songwrit singer-songwrit singer-songwrit singer-songwrit singer-songwrit singer-songwrit  alternative%20punk alternative%20punk alternative%20punk alternative%20punk alternative%20punk alternative%20punk alternative%20punk alternative%20punk alternative%20punk alternative%20punk alternative%20punk alternative%20punk  folk folk folk folk folk folk folk folk folk folk folk folk folk folk folk folk folk folk folk folk folk folk folk folk folk  mountain mountain mountain mountain mountain mountain mountain mountain mountain mountain mountain mountain mountain mountain mountain mountain mountain mountain mountain mountain mountain mountain mountain mountain mountain  class-act class-act class-act class-act class-act class-act class-act class-act class-act class-act class-act class-act  one%20two%20thr one%20two%20thr one%20two%20thr one%20two%20thr one%20two%20thr one%20two%20thr one%20two%20thr one%20two%20thr one%20two%20thr one%20two%20thr one%20two%20thr one%20two%20thr  travelling%20yes%20sir%20-%20marks travelling%20yes%20sir%20-%20marks travelling%20yes%20sir%20-%20marks travelling%20yes%20sir%20-%20marks travelling%20yes%20sir%20-%20marks travelling%20yes%20sir%20-%20marks travelling%20yes%20sir%20-%20marks travelling%20yes%20sir%20-%20marks travelling%20yes%20sir%20-%20marks travelling%20yes%20sir%20-%20marks travelling%20yes%20sir%20-%20marks travelling%20yes%20sir%20-%20marks   for%20andrew for%20andrew for%20andrew for%20andrew for%20andrew for%20andrew for%20andrew for%20andrew for%20andrew for%20andrew for%20andrew for%20andrew  feelgood feelgood feelgood feelgood feelgood feelgood feelgood feelgood feelgood feelgood feelgood feelgood  goat goat goat goat goat goat goat goat goat goat goat goat goat goat goat goat goat goat goat goat goat goat goat goat goat  relax relax relax relax relax relax relax relax relax relax relax relax  coffee%20break coffee%20break coffee%20break coffee%20break coffee%20break coffee%20break coffee%20break coffee%20break coffee%20break coffee%20break coffee%20break coffee%20break  acoust acoust acoust acoust acoust acoust acoust acoust acoust acoust acoust acoust  favorit favorit favorit favorit favorit favorit favorit favorit favorit favorit favorit favorit  mash mash mash mash mash mash mash mash mash mash mash mash mash mash mash mash mash mash mash mash mash mash mash mash mash mash mash mash mash mash mash mash mash mash mash mash mash mash mash mash mash mash mash mash mash mash mash mash mash mash  two%20cds%20-%20darker two%20cds%20-%20darker two%20cds%20-%20darker two%20cds%20-%20darker two%20cds%20-%20darker two%20cds%20-%20darker two%20cds%20-%20darker two%20cds%20-%20darker two%20cds%20-%20darker two%20cds%20-%20darker two%20cds%20-%20darker two%20cds%20-%20darker  happy%20post%20rock%20indie%20music happy%20post%20rock%20indie%20music happy%20post%20rock%20indie%20music happy%20post%20rock%20indie%20music happy%20post%20rock%20indie%20music happy%20post%20rock%20indie%20music happy%20post%20rock%20indie%20music happy%20post%20rock%20indie%20music happy%20post%20rock%20indie%20music happy%20post%20rock%20indie%20music happy%20post%20rock%20indie%20music happy%20post%20rock%20indie%20music 