classic%20rock classic%20rock classic%20rock classic%20rock classic%20rock classic%20rock classic%20rock classic%20rock classic%20rock classic%20rock classic%20rock classic%20rock  sweet sweet sweet sweet sweet sweet sweet sweet sweet sweet sweet sweet sweet sweet sweet sweet sweet sweet sweet sweet sweet sweet sweet sweet sweet  power%20pop power%20pop power%20pop power%20pop power%20pop power%20pop power%20pop power%20pop power%20pop power%20pop power%20pop power%20pop  matthew%20sweet matthew%20sweet matthew%20sweet matthew%20sweet matthew%20sweet matthew%20sweet matthew%20sweet matthew%20sweet matthew%20sweet matthew%20sweet matthew%20sweet matthew%20sweet matthew%20sweet matthew%20sweet matthew%20sweet matthew%20sweet matthew%20sweet matthew%20sweet matthew%20sweet matthew%20sweet matthew%20sweet matthew%20sweet matthew%20sweet matthew%20sweet matthew%20sweet  singer-songwrit singer-songwrit singer-songwrit singer-songwrit singer-songwrit singer-songwrit  fiddl fiddl fiddl fiddl fiddl fiddl  proto%20punk proto%20punk proto%20punk proto%20punk proto%20punk proto%20punk  country%20rock country%20rock country%20rock country%20rock country%20rock country%20rock  the%20ugly%20truth the%20ugly%20truth the%20ugly%20truth the%20ugly%20truth the%20ugly%20truth the%20ugly%20truth the%20ugly%20truth the%20ugly%20truth the%20ugly%20truth the%20ugly%20truth the%20ugly%20truth the%20ugly%20truth the%20ugly%20truth the%20ugly%20truth the%20ugly%20truth the%20ugly%20truth the%20ugly%20truth the%20ugly%20truth the%20ugly%20truth the%20ugly%20truth the%20ugly%20truth the%20ugly%20truth the%20ugly%20truth the%20ugly%20truth the%20ugly%20truth  90s 90s 90s 90s 90s 90s  byron%20berline byron%20berline byron%20berline byron%20berline byron%20berline byron%20berline  garage%20rock garage%20rock garage%20rock garage%20rock garage%20rock garage%20rock  matthew matthew matthew matthew matthew matthew matthew matthew matthew matthew matthew matthew matthew matthew matthew matthew matthew matthew matthew matthew matthew matthew matthew matthew matthew  90s%20q101 90s%20q101 90s%20q101 90s%20q101 90s%20q101 90s%20q101  powerpop powerpop powerpop powerpop powerpop powerpop  altern altern altern altern altern altern  chameleon chameleon chameleon chameleon chameleon chameleon  glam%20rock glam%20rock glam%20rock glam%20rock glam%20rock glam%20rock  robert%20quine robert%20quine robert%20quine robert%20quine robert%20quine robert%20quine  surf%20rock surf%20rock surf%20rock surf%20rock surf%20rock surf%20rock  punk punk punk punk punk punk  rock-protopunk rock-protopunk rock-protopunk rock-protopunk rock-protopunk rock-protopunk  rock rock rock rock rock rock rock rock rock rock rock rock rock rock rock rock rock rock rock rock rock rock rock rock rock  ug ug ug ug ug ug ug ug ug ug ug ug ug ug ug ug ug ug ug ug ug ug ug ug ug  tru tru tru tru tru tru tru tru tru tru tru tru tru tru tru tru tru tru tru tru tru tru tru tru tru 