indie%20folk indie%20folk indie%20folk indie%20folk indie%20folk indie%20folk indie%20folk indie%20folk indie%20folk indie%20folk indie%20folk indie%20folk  somedaysomeday somedaysomeday somedaysomeday somedaysomeday somedaysomeday somedaysomeday  damien%20jurado damien%20jurado damien%20jurado damien%20jurado damien%20jurado damien%20jurado damien%20jurado damien%20jurado damien%20jurado damien%20jurado damien%20jurado damien%20jurado damien%20jurado damien%20jurado damien%20jurado damien%20jurado damien%20jurado damien%20jurado damien%20jurado damien%20jurado damien%20jurado damien%20jurado damien%20jurado damien%20jurado damien%20jurado  takegoodcareofm takegoodcareofm takegoodcareofm takegoodcareofm takegoodcareofm takegoodcareofm  no%20drums no%20drums no%20drums no%20drums no%20drums no%20drums  badass badass badass badass badass badass  xy xy xy xy xy xy  melancho melancho melancho melancho melancho melancho melancho melancho melancho melancho melancho melancho  singer-songwrit singer-songwrit singer-songwrit singer-songwrit singer-songwrit singer-songwrit singer-songwrit singer-songwrit singer-songwrit singer-songwrit singer-songwrit singer-songwrit  texa texa texa texa texa texa  ep ep ep ep ep ep  eclectic%20blues eclectic%20blues eclectic%20blues eclectic%20blues eclectic%20blues eclectic%20blues  city city city city city city  denton denton denton denton denton denton  damy damy damy damy damy damy damy damy damy damy damy damy damy damy damy damy damy damy damy damy damy damy damy damy damy  getwellsoon getwellsoon getwellsoon getwellsoon getwellsoon getwellsoon  tx tx tx tx tx tx tx tx tx tx tx tx tx tx tx tx tx tx tx tx tx tx tx tx tx  indie%20rock indie%20rock indie%20rock indie%20rock indie%20rock indie%20rock  jurado jurado jurado jurado jurado jurado jurado jurado jurado jurado jurado jurado jurado jurado jurado jurado jurado jurado jurado jurado jurado jurado jurado jurado jurado  skinny%20small%20and%20whispering skinny%20small%20and%20whispering skinny%20small%20and%20whispering skinny%20small%20and%20whispering skinny%20small%20and%20whispering skinny%20small%20and%20whispering  cho cho cho cho cho cho  similar%20tracks:%20laura%20veirs%20-%20nightingale similar%20tracks:%20laura%20veirs%20-%20nightingale similar%20tracks:%20laura%20veirs%20-%20nightingale similar%20tracks:%20laura%20veirs%20-%20nightingale similar%20tracks:%20laura%20veirs%20-%20nightingale similar%20tracks:%20laura%20veirs%20-%20nightingale  interess interess interess interess interess interess  folk folk folk folk folk folk folk folk folk folk folk folk folk folk folk folk folk folk folk folk folk folk folk folk folk  like%20deathbot like%20deathbot like%20deathbot like%20deathbot like%20deathbot like%20deathbot  denton,%20tx denton,%20tx denton,%20tx denton,%20tx denton,%20tx denton,%20tx denton,%20tx denton,%20tx denton,%20tx denton,%20tx denton,%20tx denton,%20tx denton,%20tx denton,%20tx denton,%20tx denton,%20tx denton,%20tx denton,%20tx denton,%20tx denton,%20tx denton,%20tx denton,%20tx denton,%20tx denton,%20tx denton,%20tx  piano piano piano piano piano piano  northwest northwest northwest northwest northwest northwest  altern altern altern altern altern altern  piano:love piano:love piano:love piano:love piano:love piano:love  wa wa wa wa wa wa  denton, denton, denton, denton, denton, denton, denton, denton, denton, denton, denton, denton, denton, denton, denton, denton, denton, denton, denton, denton, denton, denton, denton, denton, denton,  rain rain rain rain rain rain  reflect reflect reflect reflect reflect reflect  senty senty senty senty senty senty  secretly%20canadian secretly%20canadian secretly%20canadian secretly%20canadian secretly%20canadian secretly%20canadian  deathbot deathbot deathbot deathbot deathbot deathbot  plac plac plac plac plac plac  mellow mellow mellow mellow mellow mellow  alt-folk alt-folk alt-folk alt-folk alt-folk alt-folk  fourst fourst fourst fourst fourst fourst  purdy%20music purdy%20music purdy%20music purdy%20music purdy%20music purdy%20music  acoust acoust acoust acoust acoust acoust acoust acoust acoust acoust acoust acoust acoust acoust acoust acoust acoust acoust  indy indy indy indy indy indy indy indy indy indy indy indy  nostalg nostalg nostalg nostalg nostalg nostalg nostalg nostalg nostalg nostalg nostalg nostalg  american american american american american american  rock rock rock rock rock rock  soft soft soft soft soft soft  seattl seattl seattl seattl seattl seattl seattl seattl seattl seattl seattl seattl 