david%20gray%20dance  angloman  brit brit brit brit brit brit brit brit brit  musical%20love  melancho  manchest  indie%20rock indie%20rock indie%20rock indie%20rock indie%20rock indie%20rock  that%20damn%20relationship  rainy%20days%20and%20mondays  bantemp  siiiigh  electron electron electron electron electron electron  gray gray gray gray gray gray gray gray gray gray gray gray gray gray gray gray gray gray gray gray gray gray gray gray gray  general%20pop  one%20of%20my%20favourites  night  david%20gray david%20gray david%20gray david%20gray david%20gray david%20gray david%20gray david%20gray david%20gray david%20gray david%20gray david%20gray david%20gray david%20gray david%20gray david%20gray david%20gray david%20gray david%20gray david%20gray david%20gray david%20gray david%20gray david%20gray david%20gray david%20gray david%20gray david%20gray david%20gray david%20gray david%20gray david%20gray david%20gray david%20gray david%20gray david%20gray david%20gray david%20gray david%20gray david%20gray david%20gray david%20gray  andyfolk  private%20stashshsh  independant%20folk  beautiful%20lyrics  j2  just%20the%20faces%20change  folk  trylov  90s 90s 90s 90s  ess  fv fv fv  blu  progress  global%20grooves%20edgey  altern altern altern altern  rock rock rock rock rock rock rock rock rock rock rock rock rock rock rock rock rock rock rock rock rock rock rock rock rock  techno  colleg colleg colleg  folky%20and%20acoustic%20stuff  lyrically%20masterfull  alt-folk  male%20vocalists male%20vocalists male%20vocalists male%20vocalists  autumnsong  adult%20alternative%20pop%20rock  when%20i%20lived%20in%20north%20carolina  david david david david david david david david david david david david david david david david david david david david david david david david david  eth  acoustic%20rock  guit  pop pop pop pop pop pop pop pop pop pop pop pop pop pop pop pop pop  great%20lyricists  easy%20listening easy%20listening easy%20listening  gut%20drauf  party%20play  alternative%20punk alternative%20punk alternative%20punk alternative%20punk alternative%20punk alternative%20punk  electronic electronic electronic  warmdusch  alternative%20&%20punk  nicer%20geht%20nich  chillout  happy  pa%20correr  play%20it%20loud  relax  apluscoop  sort  chilled%20vocal  acoust acoust acoust acoust acoust acoust acoust acoust acoust acoust acoust acoust  david%20gray%20chapman  not%20david%20gray%20-%20chemical%20brothers  mellow mellow mellow mellow  nocturn  singer%20-%20songwrit  hous  dant  alternrock%20alt%20rock alternrock%20alt%20rock alternrock%20alt%20rock  myfavtun  oth  counting%20clouds  rock%20-%20melodic  alternative%20rock alternative%20rock alternative%20rock  voc  sad sad sad  00s  chil chil chil chil chil chil  singer-songwrit singer-songwrit singer-songwrit singer-songwrit singer-songwrit singer-songwrit singer-songwrit singer-songwrit singer-songwrit singer-songwrit singer-songwrit singer-songwrit singer-songwrit singer-songwrit singer-songwrit singer-songwrit singer-songwrit  nightblind nightblind nightblind nightblind nightblind nightblind nightblind nightblind nightblind nightblind nightblind nightblind nightblind nightblind nightblind nightblind nightblind nightblind nightblind nightblind nightblind nightblind nightblind nightblind nightblind nightblind nightblind nightblind nightblind nightblind nightblind nightblind nightblind nightblind nightblind nightblind nightblind nightblind nightblind nightblind nightblind nightblind nightblind nightblind nightblind nightblind nightblind nightblind nightblind nightblind nightblind  britpop  its%20not%20my%20fault%20that%20ive%20had%20a%20bad%20day  beauty  crusy  best%20man  hans%20rock%201  folk%20rock folk%20rock folk%20rock folk%20rock  male%20vocalist  angst  folk-rock folk-rock folk-rock  indy indy indy indy indy indy  wint  rock/pop  a%20long%20red%20glare  lando1  soft%20rock soft%20rock soft%20rock soft%20rock 