classic%20rock classic%20rock classic%20rock classic%20rock classic%20rock classic%20rock classic%20rock classic%20rock classic%20rock classic%20rock classic%20rock classic%20rock  fontaine%20james fontaine%20james fontaine%20james fontaine%20james fontaine%20james fontaine%20james fontaine%20james fontaine%20james fontaine%20james fontaine%20james fontaine%20james fontaine%20james  spacem spacem spacem spacem spacem spacem spacem spacem spacem spacem spacem spacem spacem spacem spacem spacem spacem spacem spacem spacem spacem spacem spacem spacem spacem spacem spacem spacem spacem spacem spacem spacem spacem spacem spacem spacem spacem spacem spacem spacem spacem spacem spacem spacem spacem spacem spacem spacem spacem spacem spacem spacem spacem spacem  1970s 1970s 1970s 1970s 1970s 1970s  doctor%20who doctor%20who  singer-songwrit singer-songwrit singer-songwrit singer-songwrit singer-songwrit singer-songwrit singer-songwrit singer-songwrit singer-songwrit singer-songwrit singer-songwrit singer-songwrit singer-songwrit singer-songwrit singer-songwrit singer-songwrit singer-songwrit singer-songwrit singer-songwrit singer-songwrit singer-songwrit singer-songwrit singer-songwrit singer-songwrit singer-songwrit  singer%20songwrit singer%20songwrit singer%20songwrit singer%20songwrit singer%20songwrit singer%20songwrit singer%20songwrit singer%20songwrit singer%20songwrit singer%20songwrit singer%20songwrit singer%20songwrit  sad sad  prjohnny%205%20stars prjohnny%205%20stars  m%20singer-songwriter m%20singer-songwriter  chefsam57%20pick chefsam57%20pick  funny funny  space%20travel space%20travel  space%20songs space%20songs space%20songs space%20songs space%20songs space%20songs  rock-spaceman-greatest%20hits-nilsson rock-spaceman-greatest%20hits-nilsson  male%20vocal male%20vocal male%20vocal male%20vocal male%20vocal male%20vocal male%20vocal male%20vocal male%20vocal male%20vocal male%20vocal male%20vocal  music%20i%20love music%20i%20love  csny%20radio csny%20radio  life%20on%20mars%20ost life%20on%20mars%20ost  intellipop intellipop intellipop intellipop intellipop intellipop intellipop intellipop intellipop intellipop intellipop intellipop  nilsson nilsson nilsson nilsson nilsson nilsson nilsson nilsson nilsson nilsson nilsson nilsson nilsson nilsson nilsson nilsson nilsson nilsson nilsson nilsson nilsson nilsson nilsson nilsson nilsson  rock rock  chamber%20pop chamber%20pop chamber%20pop chamber%20pop chamber%20pop chamber%20pop chamber%20pop chamber%20pop chamber%20pop chamber%20pop chamber%20pop chamber%20pop  male%20vocalists male%20vocalists  70s 70s 70s 70s 70s 70s 70s 70s 70s 70s 70s 70s 70s 70s 70s 70s 70s 70s 70s 70s  swift-tuttle%20oh%20how%20i%20do%20love%20you swift-tuttle%20oh%20how%20i%20do%20love%20you  ironman%20picks ironman%20picks  brit brit  mal mal  life%20on%20mars life%20on%20mars  annymix annymix  harry%20nilsson harry%20nilsson harry%20nilsson harry%20nilsson harry%20nilsson harry%20nilsson harry%20nilsson harry%20nilsson harry%20nilsson harry%20nilsson harry%20nilsson harry%20nilsson harry%20nilsson harry%20nilsson harry%20nilsson harry%20nilsson harry%20nilsson harry%20nilsson harry%20nilsson harry%20nilsson harry%20nilsson harry%20nilsson harry%20nilsson harry%20nilsson harry%20nilsson harry%20nilsson harry%20nilsson harry%20nilsson harry%20nilsson harry%20nilsson harry%20nilsson harry%20nilsson harry%20nilsson harry%20nilsson harry%20nilsson harry%20nilsson harry%20nilsson harry%20nilsson harry%20nilsson harry%20nilsson harry%20nilsson  1972 1972 1972 1972 1972 1972  spac spac spac spac spac spac spac spac spac spac spac spac spac spac spac spac spac spac  weird weird  harry harry harry harry harry harry harry harry harry harry harry harry harry harry harry harry harry harry harry harry harry harry harry harry harry 