fallmix fallmix  natalicious%20partaychoonz natalicious%20partaychoonz  w%2095th%20st%20nyc08 w%2095th%20st%20nyc08  boz88 boz88  grows%20on%20you grows%20on%20you  pop pop pop pop pop pop pop pop  things%20i%20might%20buy things%20i%20might%20buy  male%20vocals male%20vocals  names%20and%20last%20name names%20and%20last%20name  space%20pop space%20pop  paul paul paul paul paul paul paul paul paul paul paul paul paul paul paul paul paul paul paul paul paul paul paul paul paul  zunior%20easter%20egg%202008 zunior%20easter%20egg%202008  electronic electronic  dynam dynam  best%20album%20openers best%20album%20openers  simon simon simon simon simon simon simon simon simon simon simon simon simon simon simon simon simon simon simon simon simon simon simon simon simon  indie-rock indie-rock  canad canad canad canad canad canad canad canad canad canad canad canad canad  indie%20rock indie%20rock  bedroom%20pop bedroom%20pop  nix%20partly nix%20partly nix%20partly nix%20partly nix%20partly  synthpop synthpop  songs%20with%20name songs%20with%20name  songs%20that%20mention%20other%20bands%20or%20artist songs%20that%20mention%20other%20bands%20or%20artist  paul%20simon paul%20simon paul%20simon paul%20simon paul%20simon paul%20simon paul%20simon paul%20simon paul%20simon paul%20simon paul%20simon paul%20simon paul%20simon paul%20simon paul%20simon paul%20simon paul%20simon paul%20simon paul%20simon paul%20simon paul%20simon paul%20simon paul%20simon paul%20simon paul%20simon paul%20simon paul%20simon paul%20simon paul%20simon paul%20simon  happy happy happy happy happy  band%20name%20songs band%20name%20songs  indietronic indietronic indietronic indietronic indietronic indietronic indietronic indietronic  the%20russian%20futurists the%20russian%20futurists the%20russian%20futurists the%20russian%20futurists the%20russian%20futurists the%20russian%20futurists the%20russian%20futurists the%20russian%20futurists the%20russian%20futurists the%20russian%20futurists the%20russian%20futurists the%20russian%20futurists the%20russian%20futurists the%20russian%20futurists the%20russian%20futurists the%20russian%20futurists the%20russian%20futurists the%20russian%20futurists the%20russian%20futurists the%20russian%20futurists the%20russian%20futurists the%20russian%20futurists the%20russian%20futurists the%20russian%20futurists the%20russian%20futurists  peopl peopl  indie%20pop indie%20pop indie%20pop indie%20pop indie%20pop indie%20pop indie%20pop indie%20pop indie%20pop indie%20pop indie%20pop indie%20pop indie%20pop indie%20pop indie%20pop indie%20pop indie%20pop indie%20pop indie%20pop  electron electron electron electron electron  avant-garde avant-garde  dreamy dreamy  best%20of%2007 best%20of%2007  transport%20back%20to%20high%20school transport%20back%20to%20high%20school  fut fut fut fut fut fut fut fut fut fut fut fut fut fut fut fut fut fut fut fut fut fut fut fut fut  song%20titles:%20famous%20names song%20titles:%20famous%20names song%20titles:%20famous%20names song%20titles:%20famous%20names song%20titles:%20famous%20names  indie%20hits indie%20hits  horn%20sections%20rule horn%20sections%20rule  fm4 fm4  indy indy indy indy indy indy indy indy indy indy indy indy indy indy indy indy indy indy indy indy indy indy indy indy indy  2006 2006  namedrop namedrop  name%20song name%20song  russ russ russ russ russ russ russ russ russ russ russ russ russ russ russ russ russ russ russ russ russ russ russ russ russ  120%20minutes 120%20minutes  russian%20futurists russian%20futurists 