hipster%20rock  melancho  milk milk milk milk milk milk milk milk milk milk milk milk milk milk milk milk milk milk milk milk milk milk milk milk milk  hipst  perfect perfect perfect perfect perfect   indie%20rock indie%20rock indie%20rock indie%20rock indie%20rock indie%20rock indie%20rock indie%20rock    anne%20frank anne%20frank   neut neut neut neut neut neut neut neut neut neut neut neut neut neut neut neut neut neut neut neut neut neut neut neut neut  psychedel    emo  rock rock rock     ep ep ep ep ep  folk folk folk folk folk folk folk folk folk folk  90s 90s 90s      expery     altern altern altern     acoust acoust acoust acoust acoust acoust acoust acoust acoust acoust acoust acoust    favorite%20songs  favorit favorit favorit favorit favorit  indie%20folk indie%20folk indie%20folk  pow  emot  amayzes%20loved     oh%20comely oh%20comely oh%20comely oh%20comely oh%20comely oh%20comely oh%20comely oh%20comely oh%20comely oh%20comely oh%20comely oh%20comely oh%20comely oh%20comely oh%20comely oh%20comely oh%20comely oh%20comely oh%20comely oh%20comely oh%20comely oh%20comely oh%20comely oh%20comely oh%20comely    lov  poet  quirky  my%20favorites   hotel hotel hotel hotel hotel hotel hotel hotel hotel hotel hotel hotel hotel hotel hotel hotel hotel hotel hotel hotel hotel hotel hotel hotel hotel    mellow mellow    elephant%206 elephant%206 elephant%206 elephant%206 elephant%206        dea  alternative%20rock  favourit   jeff%20mangum   lo-fi lo-fi lo-fi lo-fi lo-fi lo-fi lo-fi lo-fi lo-fi lo-fi lo-fi  haunt haunt haunt  sad  go%20ahead%20and%20suffer%20by%20yourself   singer-songwrit        neutral%20milk%20hotel neutral%20milk%20hotel neutral%20milk%20hotel neutral%20milk%20hotel neutral%20milk%20hotel neutral%20milk%20hotel neutral%20milk%20hotel neutral%20milk%20hotel neutral%20milk%20hotel neutral%20milk%20hotel neutral%20milk%20hotel neutral%20milk%20hotel neutral%20milk%20hotel neutral%20milk%20hotel neutral%20milk%20hotel neutral%20milk%20hotel neutral%20milk%20hotel neutral%20milk%20hotel neutral%20milk%20hotel neutral%20milk%20hotel neutral%20milk%20hotel neutral%20milk%20hotel neutral%20milk%20hotel neutral%20milk%20hotel neutral%20milk%20hotel neutral%20milk%20hotel neutral%20milk%20hotel neutral%20milk%20hotel neutral%20milk%20hotel neutral%20milk%20hotel  beauty beauty beauty beauty    intens  folk%20rock folk%20rock  amaz    indy indy indy indy indy indy indy indy indy indy indy indy indy indy indy indy indy indy indy indy indy indy indy indy indy   