   melancho melancho melancho  milk milk milk milk milk milk milk milk milk milk milk milk milk milk milk milk milk milk milk milk milk milk milk milk milk    indie%20rock indie%20rock indie%20rock indie%20rock indie%20rock indie%20rock indie%20rock indie%20rock indie%20rock indie%20rock indie%20rock indie%20rock indie%20rock indie%20rock indie%20rock indie%20rock  eery eery       neut neut neut neut neut neut neut neut neut neut neut neut neut neut neut neut neut neut neut neut neut neut neut neut neut  indie%20pop indie%20pop      rock rock     nix%20luv   dubstep dubstep dubstep   folk folk folk folk folk folk folk folk folk folk folk folk  90s 90s 90s 90s    expery  nix%20partly nix%20partly   altern altern altern altern altern altern       acoust acoust acoust acoust     indie%20folk indie%20folk indie%20folk indie%20folk indie%20folk    amayzes%20loved amayzes%20loved  three%20peaches three%20peaches three%20peaches three%20peaches three%20peaches three%20peaches three%20peaches three%20peaches three%20peaches three%20peaches three%20peaches three%20peaches three%20peaches three%20peaches three%20peaches three%20peaches three%20peaches three%20peaches three%20peaches three%20peaches three%20peaches three%20peaches three%20peaches three%20peaches three%20peaches    freak%20folk freak%20folk  suicid   lov lov       stoner%20music  relax   haunt haunt  mellow mellow   elephant%206 elephant%206 elephant%206 elephant%206 elephant%206       davaho53 davaho53  jeff%20mangum jeff%20mangum  indy indy indy indy indy indy indy indy indy indy indy indy indy indy indy indy indy indy indy indy indy indy indy indy indy  lo-fi lo-fi lo-fi lo-fi lo-fi lo-fi lo-fi lo-fi lo-fi lo-fi lo-fi lo-fi lo-fi lo-fi lo-fi    ath  singer-songwrit singer-songwrit   peach peach peach peach peach peach peach peach peach peach peach peach peach peach peach peach peach peach peach peach peach peach peach peach peach  georg    neutral%20milk%20motel   hotel hotel hotel hotel hotel hotel hotel hotel hotel hotel hotel hotel hotel hotel hotel hotel hotel hotel hotel hotel hotel hotel hotel hotel hotel  neutral%20milk%20hotel neutral%20milk%20hotel neutral%20milk%20hotel neutral%20milk%20hotel neutral%20milk%20hotel neutral%20milk%20hotel neutral%20milk%20hotel neutral%20milk%20hotel neutral%20milk%20hotel neutral%20milk%20hotel neutral%20milk%20hotel neutral%20milk%20hotel neutral%20milk%20hotel neutral%20milk%20hotel neutral%20milk%20hotel neutral%20milk%20hotel neutral%20milk%20hotel neutral%20milk%20hotel neutral%20milk%20hotel neutral%20milk%20hotel neutral%20milk%20hotel neutral%20milk%20hotel neutral%20milk%20hotel neutral%20milk%20hotel neutral%20milk%20hotel neutral%20milk%20hotel neutral%20milk%20hotel neutral%20milk%20hotel neutral%20milk%20hotel neutral%20milk%20hotel neutral%20milk%20hotel neutral%20milk%20hotel neutral%20milk%20hotel neutral%20milk%20hotel neutral%20milk%20hotel  beauty beauty   for%20melancholy%20days  folk%20rock folk%20rock    favorit favorit    