nerd%20rock nerd%20rock nerd%20rock nerd%20rock nerd%20rock  intelligent%20lyrics intelligent%20lyrics intelligent%20lyrics intelligent%20lyrics intelligent%20lyrics  private%20stashshsh private%20stashshsh private%20stashshsh private%20stashshsh private%20stashshsh  college%20rock college%20rock college%20rock college%20rock college%20rock college%20rock college%20rock college%20rock college%20rock college%20rock college%20rock college%20rock college%20rock college%20rock college%20rock  misc misc misc misc misc misc misc misc misc misc  pop pop pop pop pop pop pop pop pop pop pop pop pop pop pop pop pop pop pop pop  the%20word%20first the%20word%20first the%20word%20first the%20word%20first the%20word%20first  self%20cover self%20cover self%20cover self%20cover self%20cover  songs%20about%20love songs%20about%20love songs%20about%20love songs%20about%20love songs%20about%20love songs%20about%20love songs%20about%20love songs%20about%20love songs%20about%20love songs%20about%20love  electronic electronic electronic electronic electronic  the%20word%20another the%20word%20another the%20word%20another the%20word%20another the%20word%20another  funny funny funny funny funny  giant giant giant giant giant giant giant giant giant giant giant giant giant giant giant giant giant giant giant giant giant giant giant giant giant  beauty beauty beauty beauty beauty   anoth anoth anoth anoth anoth anoth anoth anoth anoth anoth anoth anoth anoth anoth anoth anoth anoth anoth anoth anoth anoth anoth anoth anoth anoth  indie%20rock indie%20rock indie%20rock indie%20rock indie%20rock indie%20rock indie%20rock indie%20rock indie%20rock indie%20rock indie%20rock indie%20rock indie%20rock indie%20rock indie%20rock indie%20rock indie%20rock indie%20rock indie%20rock indie%20rock  tmbg tmbg tmbg tmbg tmbg tmbg tmbg tmbg tmbg tmbg tmbg tmbg tmbg tmbg tmbg  tmbg%20seen%20live tmbg%20seen%20live tmbg%20seen%20live tmbg%20seen%20live tmbg%20seen%20live  heartbreak heartbreak heartbreak heartbreak heartbreak  lov lov lov lov lov lov lov lov lov lov  80s 80s 80s 80s 80s  quirky quirky quirky quirky quirky  comedy comedy comedy comedy comedy comedy comedy comedy comedy comedy comedy comedy comedy comedy comedy  mink%20car mink%20car mink%20car mink%20car mink%20car  happy happy happy happy happy  altern altern altern altern altern altern altern altern altern altern altern altern altern altern altern altern altern altern altern altern altern altern altern altern altern  alt%20rock alt%20rock alt%20rock alt%20rock alt%20rock  geek%20music geek%20music geek%20music geek%20music geek%20music  great%20song great%20song great%20song great%20song great%20song  phoenix phoenix phoenix phoenix phoenix  great%20lyrics great%20lyrics great%20lyrics great%20lyrics great%20lyrics  another%20first%20kiss another%20first%20kiss another%20first%20kiss another%20first%20kiss another%20first%20kiss another%20first%20kiss another%20first%20kiss another%20first%20kiss another%20first%20kiss another%20first%20kiss another%20first%20kiss another%20first%20kiss another%20first%20kiss another%20first%20kiss another%20first%20kiss another%20first%20kiss another%20first%20kiss another%20first%20kiss another%20first%20kiss another%20first%20kiss another%20first%20kiss another%20first%20kiss another%20first%20kiss another%20first%20kiss another%20first%20kiss  they%20might%20be%20giants they%20might%20be%20giants they%20might%20be%20giants they%20might%20be%20giants they%20might%20be%20giants they%20might%20be%20giants they%20might%20be%20giants they%20might%20be%20giants they%20might%20be%20giants they%20might%20be%20giants they%20might%20be%20giants they%20might%20be%20giants they%20might%20be%20giants they%20might%20be%20giants they%20might%20be%20giants they%20might%20be%20giants they%20might%20be%20giants they%20might%20be%20giants they%20might%20be%20giants they%20might%20be%20giants they%20might%20be%20giants they%20might%20be%20giants they%20might%20be%20giants they%20might%20be%20giants they%20might%20be%20giants they%20might%20be%20giants they%20might%20be%20giants they%20might%20be%20giants they%20might%20be%20giants they%20might%20be%20giants they%20might%20be%20giants they%20might%20be%20giants they%20might%20be%20giants they%20might%20be%20giants they%20might%20be%20giants  geek geek geek geek geek  favorite%20bands favorite%20bands favorite%20bands favorite%20bands favorite%20bands  electron electron electron electron electron  indie-lit indie-lit indie-lit indie-lit indie-lit  softc softc softc softc softc  kiss kiss kiss kiss kiss kiss kiss kiss kiss kiss kiss kiss kiss kiss kiss kiss kiss kiss kiss kiss kiss kiss kiss kiss kiss  my%20love%20songs my%20love%20songs my%20love%20songs my%20love%20songs my%20love%20songs  indie%20pop indie%20pop indie%20pop indie%20pop indie%20pop indie%20pop indie%20pop indie%20pop indie%20pop indie%20pop indie%20pop indie%20pop indie%20pop indie%20pop indie%20pop  indy indy indy indy indy indy indy indy indy indy indy indy indy indy indy  geek%20rock geek%20rock geek%20rock geek%20rock geek%20rock geek%20rock geek%20rock geek%20rock geek%20rock geek%20rock  the%20word%20kiss the%20word%20kiss the%20word%20kiss the%20word%20kiss the%20word%20kiss  rock rock rock rock rock rock rock rock rock rock rock rock rock rock rock rock rock rock rock rock  fun fun fun fun fun fun fun fun fun fun 