 good%20music  rock%20electronico  album%20opener  brit brit brit brit brit brit   littl littl littl littl littl littl littl littl littl littl littl littl littl littl littl littl littl littl littl littl littl littl littl littl littl  indust indust indust indust indust       electron electron electron electron electron electron electron electron electron electron electron electron electron electron electron electron electron electron electron electron electron electron   yay%20for%20happy%20days  electronic%20rock electronic%20rock electronic%20rock   upb  wond wond wond wond wond wond wond wond wond wond wond wond wond wond wond wond wond wond wond wond wond wond wond wond wond  collect collect  personal%20favourites   rock rock rock rock rock rock rock rock rock rock rock rock rock rock rock rock rock rock rock rock rock rock rock rock rock    temazo  classic%20rock classic%20rock classic%20rock classic%20rock classic%20rock classic%20rock classic%20rock      a%20kind%20of%20fresh%20madness   ep  excit  90s 90s 90s 90s 90s   wow  expery expery expery expery expery expery expery expery expery expery expery expery   david%20bowie david%20bowie david%20bowie david%20bowie david%20bowie david%20bowie david%20bowie david%20bowie david%20bowie david%20bowie david%20bowie david%20bowie david%20bowie david%20bowie david%20bowie david%20bowie david%20bowie david%20bowie david%20bowie david%20bowie david%20bowie david%20bowie david%20bowie david%20bowie david%20bowie david%20bowie david%20bowie david%20bowie david%20bowie david%20bowie david%20bowie  altern altern altern altern altern altern  essential%2090s   mem  glam%20rock glam%20rock glam%20rock glam%20rock glam%20rock glam%20rock glam%20rock   art%20rock art%20rock   david david david david david david david david david david david david david david david david david david david david david david david david david    alt.%20rock   amayzes%20loved amayzes%20loved amayzes%20loved  pop pop pop  progressive%20rock  electronic electronic electronic electronic electronic     dnb  i%20know%20all%20the%20words%20to%20this i%20know%20all%20the%20words%20to%20this      glam  drum%20n%20bass drum%20n%20bass  dant  experimental%20rock  electreas  morose%20deep%20dilate%20crimson morose%20deep%20dilate%20crimson   glam%20industrial  alternative%20rock alternative%20rock alternative%20rock alternative%20rock alternative%20rock  davaho53  favorit  drum%20and%20bass drum%20and%20bass drum%20and%20bass drum%20and%20bass drum%20and%20bass drum%20and%20bass drum%20and%20bass drum%20and%20bass   singer-songwrit      dance%20dance%20dance%20it%20away  jungl jungl jungl jungl jungl jungl jungl jungl jungl jungl jungl jungl jungl jungl jungl jungl  80s  bowy bowy bowy bowy bowy bowy bowy bowy bowy bowy bowy bowy bowy bowy bowy bowy bowy bowy bowy bowy bowy bowy bowy bowy bowy bowy bowy bowy bowy bowy bowy bowy bowy     eclect eclect   little%20wonder little%20wonder little%20wonder little%20wonder little%20wonder little%20wonder little%20wonder little%20wonder little%20wonder little%20wonder little%20wonder little%20wonder little%20wonder little%20wonder little%20wonder little%20wonder little%20wonder little%20wonder little%20wonder little%20wonder little%20wonder little%20wonder little%20wonder little%20wonder little%20wonder     indy     