indie%20rock indie%20rock indie%20rock indie%20rock indie%20rock indie%20rock indie%20rock indie%20rock indie%20rock indie%20rock indie%20rock indie%20rock indie%20rock indie%20rock indie%20rock indie%20rock indie%20rock indie%20rock indie%20rock indie%20rock indie%20rock indie%20rock indie%20rock indie%20rock indie%20rock  background background background background background background  world%20map world%20map world%20map world%20map world%20map world%20map  lo-fi lo-fi lo-fi lo-fi lo-fi lo-fi  blu blu blu blu blu blu  pop%20underground pop%20underground pop%20underground pop%20underground pop%20underground pop%20underground pop%20underground pop%20underground pop%20underground pop%20underground pop%20underground pop%20underground  geograph geograph geograph geograph geograph geograph geograph geograph geograph geograph geograph geograph  male%20vocals male%20vocals male%20vocals male%20vocals male%20vocals male%20vocals male%20vocals male%20vocals male%20vocals male%20vocals male%20vocals male%20vocals  soul soul soul soul soul soul soul soul soul soul soul soul  dr%20dog%20-%20alaska dr%20dog%20-%20alaska dr%20dog%20-%20alaska dr%20dog%20-%20alaska dr%20dog%20-%20alaska dr%20dog%20-%20alaska  hyllan%20i%20mitt%20huvud hyllan%20i%20mitt%20huvud hyllan%20i%20mitt%20huvud hyllan%20i%20mitt%20huvud hyllan%20i%20mitt%20huvud hyllan%20i%20mitt%20huvud  usa%20places usa%20places usa%20places usa%20places usa%20places usa%20places  alask alask alask alask alask alask alask alask alask alask alask alask alask alask alask alask alask alask alask alask alask alask alask alask alask alask alask alask alask alask alask alask alask alask alask alask alask alask alask alask alask alask alask alask alask alask alask alask alask alask alask alask alask alask alask alask  dr.%20dog dr.%20dog dr.%20dog dr.%20dog dr.%20dog dr.%20dog dr.%20dog dr.%20dog dr.%20dog dr.%20dog dr.%20dog dr.%20dog dr.%20dog dr.%20dog dr.%20dog dr.%20dog dr.%20dog dr.%20dog dr.%20dog dr.%20dog dr.%20dog dr.%20dog dr.%20dog dr.%20dog dr.%20dog  one%20word%20titl one%20word%20titl one%20word%20titl one%20word%20titl one%20word%20titl one%20word%20titl  dr. dr. dr. dr. dr. dr. dr. dr. dr. dr. dr. dr. dr. dr. dr. dr. dr. dr. dr. dr. dr. dr. dr. dr. dr.  alternative%20pop alternative%20pop alternative%20pop alternative%20pop alternative%20pop alternative%20pop  blues%20rock blues%20rock blues%20rock blues%20rock blues%20rock blues%20rock  altern altern altern altern altern altern altern altern altern altern altern altern  summer%20music summer%20music summer%20music summer%20music summer%20music summer%20music  hammond hammond hammond hammond hammond hammond  ye ye ye ye ye ye  folk folk folk folk folk folk  place%20song place%20song place%20song place%20song place%20song place%20song  little%20music little%20music little%20music little%20music little%20music little%20music  plac plac plac plac plac plac plac plac plac plac plac plac  chanel chanel chanel chanel chanel chanel  my%20pop%20music my%20pop%20music my%20pop%20music my%20pop%20music my%20pop%20music my%20pop%20music  psychedel psychedel psychedel psychedel psychedel psychedel  indie%20pop indie%20pop indie%20pop indie%20pop indie%20pop indie%20pop indie%20pop indie%20pop indie%20pop indie%20pop indie%20pop indie%20pop indie%20pop indie%20pop indie%20pop indie%20pop indie%20pop indie%20pop indie%20pop indie%20pop indie%20pop indie%20pop indie%20pop indie%20pop indie%20pop  you%20like%20this you%20like%20this you%20like%20this you%20like%20this you%20like%20this you%20like%20this  phil phil phil phil phil phil  indy indy indy indy indy indy indy indy indy indy indy indy  dog dog dog dog dog dog dog dog dog dog dog dog dog dog dog dog dog dog dog dog dog dog dog dog dog  jakes%20station jakes%20station jakes%20station jakes%20station jakes%20station jakes%20station  chill%20groove chill%20groove chill%20groove chill%20groove chill%20groove chill%20groove  horstax horstax horstax horstax horstax horstax  rock rock rock rock rock rock rock rock rock rock rock rock  awesom awesom awesom awesom awesom awesom  dreamday dreamday dreamday dreamday dreamday dreamday 