 sleepy   sleep  where%20is%20my%20bong   the%20sound%20of%20dissolving%20air      sing%20me%20to%20sleep   dreamy dreamy dreamy   lazy%20calm lazy%20calm lazy%20calm lazy%20calm lazy%20calm lazy%20calm lazy%20calm lazy%20calm lazy%20calm lazy%20calm lazy%20calm lazy%20calm lazy%20calm lazy%20calm lazy%20calm lazy%20calm lazy%20calm lazy%20calm lazy%20calm lazy%20calm lazy%20calm lazy%20calm lazy%20calm lazy%20calm lazy%20calm     rock    dreampop     solomusika-loved    amby amby amby amby amby amby amby amby amby amby amby amby amby amby amby amby amby amby amby amby amby amby amby  sum  british%20i%20like british%20i%20like british%20i%20like british%20i%20like     altern altern  lazy  dream%20pop dream%20pop dream%20pop dream%20pop dream%20pop dream%20pop dream%20pop dream%20pop dream%20pop dream%20pop dream%20pop dream%20pop dream%20pop dream%20pop      new%20age  eth eth eth eth eth eth eth eth eth eth eth eth eth eth eth eth eth eth eth eth eth eth eth eth eth       goth    1985   shoegaz shoegaz shoegaz shoegaz   ambient%20pop    chillout chillout chillout chillout chillout chillout   4ad 4ad 4ad 4ad 4ad 4ad 4ad 4ad 4ad  cocteau%20twins cocteau%20twins cocteau%20twins cocteau%20twins cocteau%20twins cocteau%20twins cocteau%20twins cocteau%20twins cocteau%20twins cocteau%20twins cocteau%20twins cocteau%20twins cocteau%20twins cocteau%20twins cocteau%20twins cocteau%20twins cocteau%20twins cocteau%20twins cocteau%20twins cocteau%20twins cocteau%20twins cocteau%20twins cocteau%20twins cocteau%20twins cocteau%20twins cocteau%20twins cocteau%20twins cocteau%20twins cocteau%20twins  gorg   mellow mellow mellow     soundscap     female%20vocalists female%20vocalists female%20vocalists female%20vocalists female%20vocalists female%20vocalists  favourit     chil chil chil       post-punk post-punk post-punk post-punk  music%20to%20fall%20asleep%20to music%20to%20fall%20asleep%20to  80s 80s 80s 80s     amazing%20voices  new%20wave new%20wave     indy indy indy indy    