notes%20on%20loss notes%20on%20loss notes%20on%20loss  davaho53 davaho53 davaho53 davaho53 davaho53 davaho53 davaho53 davaho53 davaho53 davaho53  adrien%20wayne adrien%20wayne adrien%20wayne  amayzes%20loved amayzes%20loved amayzes%20loved amayzes%20loved amayzes%20loved amayzes%20loved amayzes%20loved amayzes%20loved amayzes%20loved amayzes%20loved amayzes%20loved amayzes%20loved amayzes%20loved amayzes%20loved amayzes%20loved amayzes%20loved amayzes%20loved  babs%20gorge babs%20gorge babs%20gorge  the%20word%20fluff the%20word%20fluff the%20word%20fluff  she%20sings%20so%20sweetly she%20sings%20so%20sweetly she%20sings%20so%20sweetly  atmosph atmosph atmosph  1986 1986 1986  fluffy%20tufts fluffy%20tufts fluffy%20tufts fluffy%20tufts fluffy%20tufts fluffy%20tufts fluffy%20tufts fluffy%20tufts fluffy%20tufts fluffy%20tufts fluffy%20tufts fluffy%20tufts fluffy%20tufts fluffy%20tufts fluffy%20tufts fluffy%20tufts fluffy%20tufts fluffy%20tufts fluffy%20tufts fluffy%20tufts fluffy%20tufts fluffy%20tufts fluffy%20tufts fluffy%20tufts fluffy%20tufts  amby amby amby amby amby amby amby  shoegaz shoegaz shoegaz shoegaz shoegaz shoegaz shoegaz shoegaz shoegaz shoegaz shoegaz shoegaz shoegaz shoegaz shoegaz shoegaz shoegaz  relax relax relax  lov lov lov  80s 80s 80s 80s 80s 80s 80s 80s 80s 80s 80s 80s 80s 80s 80s 80s 80s  altern altern altern altern altern altern altern altern altern altern altern altern altern altern altern altern altern  goth goth goth  good1 good1 good1  rock rock rock rock rock rock rock  dream%20pop dream%20pop dream%20pop dream%20pop dream%20pop dream%20pop dream%20pop dream%20pop dream%20pop dream%20pop dream%20pop dream%20pop dream%20pop dream%20pop dream%20pop dream%20pop dream%20pop  4ad 4ad 4ad 4ad 4ad 4ad 4ad 4ad 4ad 4ad 4ad 4ad 4ad 4ad 4ad 4ad 4ad 4ad 4ad 4ad 4ad 4ad 4ad 4ad 4ad  cocteau%20twins cocteau%20twins cocteau%20twins cocteau%20twins cocteau%20twins cocteau%20twins cocteau%20twins cocteau%20twins cocteau%20twins cocteau%20twins cocteau%20twins cocteau%20twins cocteau%20twins cocteau%20twins cocteau%20twins cocteau%20twins cocteau%20twins cocteau%20twins cocteau%20twins cocteau%20twins cocteau%20twins cocteau%20twins cocteau%20twins cocteau%20twins cocteau%20twins cocteau%20twins cocteau%20twins cocteau%20twins cocteau%20twins cocteau%20twins cocteau%20twins cocteau%20twins cocteau%20twins cocteau%20twins cocteau%20twins cocteau%20twins cocteau%20twins cocteau%20twins cocteau%20twins  dreamy dreamy dreamy dreamy dreamy dreamy dreamy  gorg gorg gorg  downtempo downtempo downtempo downtempo downtempo downtempo downtempo  new%20wave new%20wave new%20wave new%20wave new%20wave new%20wave new%20wave new%20wave new%20wave new%20wave  indy indy indy  the%20word%20tuft the%20word%20tuft the%20word%20tuft  romantic%20mus romantic%20mus romantic%20mus  eth eth eth eth eth eth eth eth eth eth eth eth eth eth eth eth eth eth eth eth eth eth eth eth eth 