female%20vocalists female%20vocalists female%20vocalists female%20vocalists female%20vocalists female%20vocalists female%20vocalists female%20vocalists  notes%20on%20loss notes%20on%20loss notes%20on%20loss notes%20on%20loss  adrien%20wayne adrien%20wayne adrien%20wayne adrien%20wayne  little%20spacey little%20spacey little%20spacey little%20spacey little%20spacey little%20spacey little%20spacey little%20spacey little%20spacey little%20spacey little%20spacey little%20spacey little%20spacey little%20spacey little%20spacey little%20spacey little%20spacey little%20spacey little%20spacey little%20spacey little%20spacey little%20spacey little%20spacey little%20spacey little%20spacey  yum%20y yum%20y yum%20y yum%20y  babs%20gorge babs%20gorge babs%20gorge babs%20gorge  she%20sings%20so%20sweetly she%20sings%20so%20sweetly she%20sings%20so%20sweetly she%20sings%20so%20sweetly  sarah sarah sarah sarah  fip fip fip fip  amby amby amby amby amby amby amby amby amby amby amby amby amby amby amby amby  shoegaz shoegaz shoegaz shoegaz shoegaz shoegaz shoegaz shoegaz shoegaz shoegaz shoegaz shoegaz shoegaz shoegaz shoegaz shoegaz shoegaz shoegaz shoegaz shoegaz  lov lov lov lov lov lov lov lov lov lov lov lov  80s 80s 80s 80s  altern altern altern altern altern altern altern altern altern altern altern altern  play play play play  cocteu cocteu cocteu cocteu  reco reco reco reco reco reco reco reco  beauty beauty beauty beauty  dream%20pop dream%20pop dream%20pop dream%20pop dream%20pop dream%20pop dream%20pop dream%20pop dream%20pop dream%20pop dream%20pop dream%20pop dream%20pop dream%20pop dream%20pop dream%20pop  4ad 4ad 4ad 4ad 4ad 4ad 4ad 4ad 4ad 4ad 4ad 4ad  cocteau%20twins cocteau%20twins cocteau%20twins cocteau%20twins cocteau%20twins cocteau%20twins cocteau%20twins cocteau%20twins cocteau%20twins cocteau%20twins cocteau%20twins cocteau%20twins cocteau%20twins cocteau%20twins cocteau%20twins cocteau%20twins cocteau%20twins cocteau%20twins cocteau%20twins cocteau%20twins cocteau%20twins cocteau%20twins cocteau%20twins cocteau%20twins cocteau%20twins cocteau%20twins cocteau%20twins cocteau%20twins cocteau%20twins cocteau%20twins cocteau%20twins cocteau%20twins cocteau%20twins  electron electron electron electron  warm warm warm warm  dreamy dreamy dreamy dreamy dreamy dreamy dreamy dreamy  silver%20apples%20moon silver%20apples%20moon silver%20apples%20moon silver%20apples%20moon silver%20apples%20moon silver%20apples%20moon silver%20apples%20moon silver%20apples%20moon silver%20apples%20moon silver%20apples%20moon silver%20apples%20moon silver%20apples%20moon silver%20apples%20moon silver%20apples%20moon silver%20apples%20moon silver%20apples%20moon  gorg gorg gorg gorg  downtempo downtempo downtempo downtempo downtempo downtempo downtempo downtempo  sweet%20dreams sweet%20dreams sweet%20dreams sweet%20dreams  good5 good5 good5 good5  female%20vocals female%20vocals female%20vocals female%20vocals  indy indy indy indy indy indy indy indy  the%20word%20littl the%20word%20littl the%20word%20littl the%20word%20littl  rock rock rock rock rock rock rock rock rock rock rock rock rock rock rock rock rock rock rock rock  guit guit guit guit  eth eth eth eth eth eth eth eth eth eth eth eth eth eth eth eth eth eth eth eth eth eth eth eth eth  the%20word%20spac the%20word%20spac the%20word%20spac the%20word%20spac 