female%20vocalists female%20vocalists  notes%20on%20loss notes%20on%20loss  a%20cocteau%20twins%20playlist a%20cocteau%20twins%20playlist  ambientdream%20pop ambientdream%20pop  favourite%20tracks%20ever favourite%20tracks%20ever  babs%20gorge babs%20gorge  shoegazer-ish shoegazer-ish  the%20word%20fin the%20word%20fin  cocteautwin cocteautwin  atmosph atmosph atmosph atmosph atmosph  the%20word%20foot the%20word%20foot  good3 good3  amby amby amby amby amby amby amby amby amby amby  spine%20melter spine%20melter  shoegaz shoegaz shoegaz shoegaz shoegaz shoegaz shoegaz shoegaz shoegaz shoegaz shoegaz shoegaz shoegaz shoegaz shoegaz  check%20out%20further check%20out%20further  lov lov  the%20word%20lik the%20word%20lik  80s 80s 80s 80s 80s 80s 80s 80s 80s 80s  feet-like%20fins feet-like%20fins feet-like%20fins feet-like%20fins feet-like%20fins feet-like%20fins feet-like%20fins feet-like%20fins feet-like%20fins feet-like%20fins feet-like%20fins feet-like%20fins feet-like%20fins feet-like%20fins feet-like%20fins feet-like%20fins feet-like%20fins feet-like%20fins feet-like%20fins feet-like%20fins feet-like%20fins feet-like%20fins feet-like%20fins feet-like%20fins feet-like%20fins  bliss bliss  sea%20core%20i%20mean%20sea%20shore sea%20core%20i%20mean%20sea%20shore  ethereal%20wave ethereal%20wave  altern altern altern altern altern altern altern altern altern altern altern altern altern altern altern altern altern  post-rock post-rock  dreampop dreampop dreampop dreampop dreampop  body%20parts body%20parts  dream%20pop dream%20pop dream%20pop dream%20pop dream%20pop dream%20pop dream%20pop dream%20pop dream%20pop dream%20pop dream%20pop dream%20pop dream%20pop dream%20pop dream%20pop dream%20pop dream%20pop  4ad 4ad 4ad 4ad 4ad 4ad 4ad 4ad 4ad 4ad 4ad 4ad  cocteau%20twins cocteau%20twins cocteau%20twins cocteau%20twins cocteau%20twins cocteau%20twins cocteau%20twins cocteau%20twins cocteau%20twins cocteau%20twins cocteau%20twins cocteau%20twins cocteau%20twins cocteau%20twins cocteau%20twins cocteau%20twins cocteau%20twins cocteau%20twins cocteau%20twins cocteau%20twins cocteau%20twins cocteau%20twins cocteau%20twins cocteau%20twins cocteau%20twins cocteau%20twins cocteau%20twins  electron electron electron electron electron electron electron  gorg gorg  3%20and%20a%20half%20stars 3%20and%20a%20half%20stars  etere etere  chasing%20the%20mean%20reds chasing%20the%20mean%20reds  adrien%20wayne adrien%20wayne  telex telex  tonesontail tonesontail  mermaid mermaid  h20%20way%20down%20below%20the%20ocean h20%20way%20down%20below%20the%20ocean h20%20way%20down%20below%20the%20ocean h20%20way%20down%20below%20the%20ocean h20%20way%20down%20below%20the%20ocean h20%20way%20down%20below%20the%20ocean h20%20way%20down%20below%20the%20ocean h20%20way%20down%20below%20the%20ocean h20%20way%20down%20below%20the%20ocean h20%20way%20down%20below%20the%20ocean  rock rock rock rock rock  eth eth eth eth eth eth eth eth eth eth eth eth eth eth eth eth eth eth eth eth eth eth eth eth eth 