                   electron electron electron electron electron  dreamy dreamy                amby amby amby amby amby amby amby amby amby amby amby amby amby amby amby amby amby amby amby amby amby amby amby amby amby amby amby amby  mus    somafm somafm somafm somafm somafm somafm somafm somafm somafm somafm      zapsensac        kiss         atmosph     spac         relax  dronezon dronezon dronezon dronezon dronezon dronezon dronezon dronezon dronezon dronezon              deep deep       biosph biosph biosph biosph biosph biosph biosph biosph biosph biosph biosph biosph biosph biosph biosph biosph biosph biosph biosph biosph biosph biosph biosph biosph biosph        medit medit medit medit medit  sil sil sil sil sil sil sil sil sil sil sil sil sil sil sil sil sil sil sil sil sil sil sil sil sil sil  arct           athmosph athmosph athmosph athmosph      