classic%20rock classic%20rock classic%20rock classic%20rock classic%20rock  punk punk punk punk punk  primitive%20rock%20n%20roll primitive%20rock%20n%20roll primitive%20rock%20n%20roll primitive%20rock%20n%20roll primitive%20rock%20n%20roll  1990s 1990s 1990s 1990s 1990s  90s 90s 90s 90s 90s 90s 90s 90s 90s 90s 90s 90s 90s 90s 90s  teenage%20kicks teenage%20kicks teenage%20kicks teenage%20kicks teenage%20kicks teenage%20kicks teenage%20kicks teenage%20kicks teenage%20kicks teenage%20kicks teenage%20kicks teenage%20kicks teenage%20kicks teenage%20kicks teenage%20kicks teenage%20kicks teenage%20kicks teenage%20kicks teenage%20kicks teenage%20kicks teenage%20kicks teenage%20kicks teenage%20kicks teenage%20kicks teenage%20kicks  best%20--%20covers best%20--%20covers best%20--%20covers best%20--%20covers best%20--%20covers  thee%20headcoatees thee%20headcoatees thee%20headcoatees thee%20headcoatees thee%20headcoatees thee%20headcoatees thee%20headcoatees thee%20headcoatees thee%20headcoatees thee%20headcoatees thee%20headcoatees thee%20headcoatees thee%20headcoatees thee%20headcoatees thee%20headcoatees thee%20headcoatees thee%20headcoatees thee%20headcoatees thee%20headcoatees thee%20headcoatees thee%20headcoatees thee%20headcoatees thee%20headcoatees thee%20headcoatees thee%20headcoatees  indie%20rock indie%20rock indie%20rock indie%20rock indie%20rock  garage%20rock garage%20rock garage%20rock garage%20rock garage%20rock garage%20rock garage%20rock garage%20rock garage%20rock garage%20rock  powerpop powerpop powerpop powerpop powerpop  john%20peel john%20peel john%20peel john%20peel john%20peel  altern altern altern altern altern  chameleon chameleon chameleon chameleon chameleon  glam%20rock glam%20rock glam%20rock glam%20rock glam%20rock  met met met met met  lieblingslied lieblingslied lieblingslied lieblingslied lieblingslied  teenage%20kicks%20covers teenage%20kicks%20covers teenage%20kicks%20covers teenage%20kicks%20covers teenage%20kicks%20covers  alternative%20pop%20rock alternative%20pop%20rock alternative%20pop%20rock alternative%20pop%20rock alternative%20pop%20rock  psychedel psychedel psychedel psychedel psychedel  surf%20rock surf%20rock surf%20rock surf%20rock surf%20rock  dydrahofaphenoxamyn%20favourites dydrahofaphenoxamyn%20favourites dydrahofaphenoxamyn%20favourites dydrahofaphenoxamyn%20favourites dydrahofaphenoxamyn%20favourites  garage%20rock%20revival garage%20rock%20revival garage%20rock%20revival garage%20rock%20revival garage%20rock%20revival  cov cov cov cov cov cov cov cov cov cov cov cov cov cov cov cov cov cov cov cov cov cov cov cov cov cov cov cov cov cov cov cov cov cov cov cov cov cov cov cov cov cov cov cov cov  indy indy indy indy indy  rock-protopunk rock-protopunk rock-protopunk rock-protopunk rock-protopunk  proto%20punk proto%20punk proto%20punk proto%20punk proto%20punk  rock rock rock rock rock rock rock rock rock rock rock rock rock rock rock 