the%20word%20cloud the%20word%20cloud the%20word%20cloud the%20word%20cloud the%20word%20cloud  cocteau%20faves cocteau%20faves cocteau%20faves cocteau%20faves cocteau%20faves  a%20cocteau%20twins%20playlist a%20cocteau%20twins%20playlist a%20cocteau%20twins%20playlist a%20cocteau%20twins%20playlist a%20cocteau%20twins%20playlist  ambientdream%20pop ambientdream%20pop ambientdream%20pop ambientdream%20pop ambientdream%20pop  cool%20trip cool%20trip cool%20trip cool%20trip cool%20trip  pale%20clouded%20whit pale%20clouded%20whit pale%20clouded%20whit pale%20clouded%20whit pale%20clouded%20whit pale%20clouded%20whit pale%20clouded%20whit pale%20clouded%20whit pale%20clouded%20whit pale%20clouded%20whit pale%20clouded%20whit pale%20clouded%20whit pale%20clouded%20whit pale%20clouded%20whit pale%20clouded%20whit pale%20clouded%20whit pale%20clouded%20whit pale%20clouded%20whit pale%20clouded%20whit pale%20clouded%20whit pale%20clouded%20whit pale%20clouded%20whit pale%20clouded%20whit pale%20clouded%20whit pale%20clouded%20whit  colo colo colo colo colo  gothic-ethereal-4ad gothic-ethereal-4ad gothic-ethereal-4ad gothic-ethereal-4ad gothic-ethereal-4ad  she%20sings%20so%20sweetly she%20sings%20so%20sweetly she%20sings%20so%20sweetly she%20sings%20so%20sweetly she%20sings%20so%20sweetly  where%20is%20my%20bong where%20is%20my%20bong where%20is%20my%20bong where%20is%20my%20bong where%20is%20my%20bong where%20is%20my%20bong where%20is%20my%20bong where%20is%20my%20bong where%20is%20my%20bong where%20is%20my%20bong where%20is%20my%20bong where%20is%20my%20bong where%20is%20my%20bong where%20is%20my%20bong where%20is%20my%20bong where%20is%20my%20bong where%20is%20my%20bong where%20is%20my%20bong where%20is%20my%20bong where%20is%20my%20bong where%20is%20my%20bong where%20is%20my%20bong where%20is%20my%20bong where%20is%20my%20bong where%20is%20my%20bong  the%20sound%20of%20dissolving%20air the%20sound%20of%20dissolving%20air the%20sound%20of%20dissolving%20air the%20sound%20of%20dissolving%20air the%20sound%20of%20dissolving%20air  myst myst myst myst myst  quetz quetz quetz quetz quetz  post-punk post-punk post-punk post-punk post-punk  ghost%20ascension ghost%20ascension ghost%20ascension ghost%20ascension ghost%20ascension  dreamy%20winter dreamy%20winter dreamy%20winter dreamy%20winter dreamy%20winter  altern altern altern altern altern  white%20songs white%20songs white%20songs white%20songs white%20songs white%20songs white%20songs white%20songs white%20songs white%20songs  dream%20pop dream%20pop dream%20pop dream%20pop dream%20pop  4ad 4ad 4ad 4ad 4ad  cocteau%20twins cocteau%20twins cocteau%20twins cocteau%20twins cocteau%20twins cocteau%20twins cocteau%20twins cocteau%20twins cocteau%20twins cocteau%20twins cocteau%20twins cocteau%20twins cocteau%20twins cocteau%20twins cocteau%20twins cocteau%20twins cocteau%20twins cocteau%20twins cocteau%20twins cocteau%20twins cocteau%20twins cocteau%20twins cocteau%20twins cocteau%20twins cocteau%20twins cocteau%20twins cocteau%20twins cocteau%20twins cocteau%20twins cocteau%20twins cocteau%20twins cocteau%20twins cocteau%20twins cocteau%20twins cocteau%20twins  weather%20songs weather%20songs weather%20songs weather%20songs weather%20songs weather%20songs weather%20songs weather%20songs weather%20songs weather%20songs  fem fem fem fem fem  heavy%20bottom%20end heavy%20bottom%20end heavy%20bottom%20end heavy%20bottom%20end heavy%20bottom%20end heavy%20bottom%20end heavy%20bottom%20end heavy%20bottom%20end heavy%20bottom%20end heavy%20bottom%20end heavy%20bottom%20end heavy%20bottom%20end heavy%20bottom%20end heavy%20bottom%20end heavy%20bottom%20end  the%20word%20pal the%20word%20pal the%20word%20pal the%20word%20pal the%20word%20pal  christmas christmas christmas christmas christmas christmas christmas christmas christmas christmas  rock rock rock rock rock 