asparagus%20brine%20salt asparagus%20brine%20salt asparagus%20brine%20salt  hardc hardc hardc  pure%20punk pure%20punk pure%20punk  surf%20em%20high surf%20em%20high surf%20em%20high  mr%20pete mr%20pete mr%20pete  californ californ californ  west%20coast west%20coast west%20coast  hardcore%20punk hardcore%20punk hardcore%20punk  toothy%20surf toothy%20surf toothy%20surf  tr tr tr  nam nam nam  surf%20punk surf%20punk surf%20punk surf%20punk surf%20punk surf%20punk surf%20punk surf%20punk surf%20punk surf%20punk surf%20punk surf%20punk surf%20punk surf%20punk surf%20punk  80s 80s 80s 80s 80s 80s 80s 80s 80s  surf surf surf surf surf surf surf surf surf surf surf surf  mr.%20moto mr.%20moto mr.%20moto mr.%20moto mr.%20moto mr.%20moto mr.%20moto mr.%20moto mr.%20moto mr.%20moto mr.%20moto mr.%20moto mr.%20moto mr.%20moto mr.%20moto mr.%20moto mr.%20moto mr.%20moto mr.%20moto mr.%20moto mr.%20moto mr.%20moto mr.%20moto mr.%20moto mr.%20moto  agent%20orange agent%20orange agent%20orange agent%20orange agent%20orange agent%20orange agent%20orange agent%20orange agent%20orange agent%20orange agent%20orange agent%20orange agent%20orange agent%20orange agent%20orange agent%20orange agent%20orange agent%20orange agent%20orange agent%20orange agent%20orange agent%20orange agent%20orange agent%20orange agent%20orange  olspur%20punk%20radio olspur%20punk%20radio olspur%20punk%20radio  rodney%20on%20the%20roq rodney%20on%20the%20roq rodney%20on%20the%20roq  surf%20rock surf%20rock surf%20rock  punk punk punk punk punk punk punk punk punk punk punk punk punk punk punk punk punk punk punk punk punk punk punk punk punk punk punk punk  punk%20rock punk%20rock punk%20rock punk%20rock punk%20rock punk%20rock  instru instru instru instru instru instru  olspur%20low%20radio olspur%20low%20radio olspur%20low%20radio  rock rock rock rock rock rock  pulp pulp pulp 