altern altern altern altern altern altern altern altern altern altern altern altern altern altern altern altern altern altern altern altern altern altern altern altern altern  female%20vocalists female%20vocalists female%20vocalists female%20vocalists female%20vocalists female%20vocalists female%20vocalists female%20vocalists female%20vocalists female%20vocalists female%20vocalists female%20vocalists female%20vocalists female%20vocalists female%20vocalists female%20vocalists female%20vocalists female%20vocalists female%20vocalists female%20vocalists female%20vocalists female%20vocalists female%20vocalists female%20vocalists female%20vocalists  favourit favourit favourit favourit favourit  a%20cocteau%20twins%20playlist a%20cocteau%20twins%20playlist a%20cocteau%20twins%20playlist a%20cocteau%20twins%20playlist a%20cocteau%20twins%20playlist  cico%20buff cico%20buff cico%20buff cico%20buff cico%20buff cico%20buff cico%20buff cico%20buff cico%20buff cico%20buff cico%20buff cico%20buff cico%20buff cico%20buff cico%20buff cico%20buff cico%20buff cico%20buff cico%20buff cico%20buff cico%20buff cico%20buff cico%20buff cico%20buff cico%20buff  pop pop pop pop pop  brit brit brit brit brit  scot scot scot scot scot  dark%20wave dark%20wave dark%20wave dark%20wave dark%20wave  she%20sings%20so%20sweetly she%20sings%20so%20sweetly she%20sings%20so%20sweetly she%20sings%20so%20sweetly she%20sings%20so%20sweetly  nonsense%20lyrics nonsense%20lyrics nonsense%20lyrics nonsense%20lyrics nonsense%20lyrics  where%20is%20my%20bong where%20is%20my%20bong where%20is%20my%20bong where%20is%20my%20bong where%20is%20my%20bong  shoegaz shoegaz shoegaz shoegaz shoegaz shoegaz shoegaz shoegaz shoegaz shoegaz  1988 1988 1988 1988 1988 1988 1988 1988 1988 1988  post-punk post-punk post-punk post-punk post-punk  british%20i%20like british%20i%20like british%20i%20like british%20i%20like british%20i%20like british%20i%20like british%20i%20like british%20i%20like british%20i%20like british%20i%20like british%20i%20like british%20i%20like british%20i%20like british%20i%20like british%20i%20like british%20i%20like british%20i%20like british%20i%20like british%20i%20like british%20i%20like british%20i%20like british%20i%20like british%20i%20like british%20i%20like british%20i%20like  80s 80s 80s 80s 80s 80s 80s 80s 80s 80s 80s 80s 80s 80s 80s  cest%20la%20faream%20beau cest%20la%20faream%20beau cest%20la%20faream%20beau cest%20la%20faream%20beau cest%20la%20faream%20beau  chillout chillout chillout chillout chillout  absolutely%20magic absolutely%20magic absolutely%20magic absolutely%20magic absolutely%20magic absolutely%20magic absolutely%20magic absolutely%20magic absolutely%20magic absolutely%20magic absolutely%20magic absolutely%20magic absolutely%20magic absolutely%20magic absolutely%20magic absolutely%20magic absolutely%20magic absolutely%20magic absolutely%20magic absolutely%20magic absolutely%20magic absolutely%20magic absolutely%20magic absolutely%20magic absolutely%20magic  dreampop dreampop dreampop dreampop dreampop  rockpop rockpop rockpop rockpop rockpop  electronic%20pop electronic%20pop electronic%20pop electronic%20pop electronic%20pop  beauty beauty beauty beauty beauty beauty beauty beauty beauty beauty  67%20bpm 67%20bpm 67%20bpm 67%20bpm 67%20bpm  rain rain rain rain rain  rock80s rock80s rock80s rock80s rock80s  4ad 4ad 4ad 4ad 4ad  cocteau%20twins cocteau%20twins cocteau%20twins cocteau%20twins cocteau%20twins cocteau%20twins cocteau%20twins cocteau%20twins cocteau%20twins cocteau%20twins cocteau%20twins cocteau%20twins cocteau%20twins cocteau%20twins cocteau%20twins cocteau%20twins cocteau%20twins cocteau%20twins cocteau%20twins cocteau%20twins cocteau%20twins cocteau%20twins cocteau%20twins cocteau%20twins cocteau%20twins cocteau%20twins cocteau%20twins cocteau%20twins cocteau%20twins cocteau%20twins cocteau%20twins cocteau%20twins cocteau%20twins cocteau%20twins cocteau%20twins cocteau%20twins cocteau%20twins cocteau%20twins cocteau%20twins cocteau%20twins cocteau%20twins cocteau%20twins cocteau%20twins cocteau%20twins cocteau%20twins  dream%20pop dream%20pop dream%20pop dream%20pop dream%20pop dream%20pop dream%20pop dream%20pop dream%20pop dream%20pop dream%20pop dream%20pop dream%20pop dream%20pop dream%20pop dream%20pop dream%20pop dream%20pop dream%20pop dream%20pop  mag mag mag mag mag  80s%20alternative 80s%20alternative 80s%20alternative 80s%20alternative 80s%20alternative 80s%20alternative 80s%20alternative 80s%20alternative 80s%20alternative 80s%20alternative  trip-hop trip-hop trip-hop trip-hop trip-hop  unr unr unr unr unr  indy indy indy indy indy indy indy indy indy indy  loves%20it loves%20it loves%20it loves%20it loves%20it  recommended%20by%20moomin recommended%20by%20moomin recommended%20by%20moomin recommended%20by%20moomin recommended%20by%20moomin  20th%20century 20th%20century 20th%20century 20th%20century 20th%20century  eth eth eth eth eth eth eth eth eth eth eth eth eth eth eth eth eth eth eth eth  post%20punk post%20punk post%20punk post%20punk post%20punk post%20punk post%20punk post%20punk post%20punk post%20punk 