oth oth  female%20vocalists female%20vocalists female%20vocalists female%20vocalists  notes%20on%20loss notes%20on%20loss  davaho53 davaho53 davaho53 davaho53 davaho53 davaho53  indy indy  amayzes%20loved amayzes%20loved amayzes%20loved amayzes%20loved amayzes%20loved amayzes%20loved amayzes%20loved amayzes%20loved amayzes%20loved  dreampop dreampop  back%20to%20mine back%20to%20mine  crunk%20love crunk%20love crunk%20love crunk%20love  shoegazer-ish shoegazer-ish  cetac cetac  sea sea  atmosph atmosph atmosph atmosph  i%20love%20the%20cocteau%20twins i%20love%20the%20cocteau%20twins  electronic electronic  amby amby amby amby  ridiculously%20awesome ridiculously%20awesome  good9 good9  shoegaz shoegaz shoegaz shoegaz shoegaz shoegaz shoegaz shoegaz shoegaz  dark%20ambient dark%20ambient dark%20ambient dark%20ambient  post-punk post-punk  pretty%20pretty%20pretty pretty%20pretty%20pretty  the%20word%20whal the%20word%20whal  calm calm  romantic%20ambient romantic%20ambient  80s 80s 80s 80s 80s 80s 80s 80s 80s 80s 80s 80s 80s  lov lov  sends%20shivers%20down%20my%20spine sends%20shivers%20down%20my%20spine  chillout chillout  altern altern  whales%20tail whales%20tail whales%20tail whales%20tail whales%20tail whales%20tail whales%20tail whales%20tail whales%20tail whales%20tail whales%20tail whales%20tail whales%20tail whales%20tail whales%20tail whales%20tail whales%20tail whales%20tail whales%20tail whales%20tail whales%20tail whales%20tail whales%20tail whales%20tail whales%20tail  anim anim  beauty beauty  dream%20pop dream%20pop dream%20pop dream%20pop dream%20pop dream%20pop dream%20pop dream%20pop dream%20pop  4ad 4ad 4ad 4ad 4ad 4ad 4ad 4ad 4ad 4ad 4ad  cocteau%20twins cocteau%20twins cocteau%20twins cocteau%20twins cocteau%20twins cocteau%20twins cocteau%20twins cocteau%20twins cocteau%20twins cocteau%20twins cocteau%20twins cocteau%20twins cocteau%20twins cocteau%20twins cocteau%20twins cocteau%20twins cocteau%20twins cocteau%20twins cocteau%20twins cocteau%20twins cocteau%20twins cocteau%20twins cocteau%20twins cocteau%20twins cocteau%20twins cocteau%20twins cocteau%20twins  electron electron electron electron electron electron electron electron electron  gorg gorg  80s%20alternative 80s%20alternative  babs%20gorge babs%20gorge  new%20wave new%20wave  classical%20ambient classical%20ambient  the%20word%20tail the%20word%20tail  animal%20songs animal%20songs  adrien%20wayne adrien%20wayne  favorit favorit  albatro albatro  h20%20way%20down%20below%20the%20ocean h20%20way%20down%20below%20the%20ocean h20%20way%20down%20below%20the%20ocean h20%20way%20down%20below%20the%20ocean h20%20way%20down%20below%20the%20ocean h20%20way%20down%20below%20the%20ocean h20%20way%20down%20below%20the%20ocean h20%20way%20down%20below%20the%20ocean h20%20way%20down%20below%20the%20ocean  rock rock rock rock rock rock rock rock rock rock rock rock rock  eth eth eth eth eth eth eth eth eth eth eth eth eth eth eth eth eth eth eth eth eth eth eth eth eth  pogo%20mental pogo%20mental 