desorientac desorientac desorientac desorientac  good%20choice%20of%20track%20title good%20choice%20of%20track%20title good%20choice%20of%20track%20title good%20choice%20of%20track%20title  lsd lsd lsd lsd  expery expery expery expery expery expery expery expery  mag mag mag mag mag mag mag mag mag mag mag mag mag mag mag mag  rad%20cult rad%20cult rad%20cult rad%20cult  camin camin camin camin  lo-fi lo-fi lo-fi lo-fi  mild%20rhythmic%20syncopation mild%20rhythmic%20syncopation mild%20rhythmic%20syncopation mild%20rhythmic%20syncopation  brom brom brom brom  sleep sleep sleep sleep sleep sleep sleep sleep sleep sleep sleep sleep sleep sleep sleep sleep sleep sleep sleep sleep sleep sleep sleep sleep sleep  chil chil chil chil chil chil chil chil chil chil chil chil chil chil chil chil chil chil chil chil chil chil chil chil chil  upperz upperz upperz upperz  fenometrazin fenometrazin fenometrazin fenometrazin  para%20la%20torcidess para%20la%20torcidess para%20la%20torcidess para%20la%20torcidess  chillwav chillwav chillwav chillwav chillwav chillwav chillwav chillwav chillwav chillwav chillwav chillwav  major%20key%20tonality major%20key%20tonality major%20key%20tonality major%20key%20tonality  electronica%20influences electronica%20influences electronica%20influences electronica%20influences  roktron roktron roktron roktron  efecto%20mdma efecto%20mdma efecto%20mdma efecto%20mdma  indietronic indietronic indietronic indietronic  twink twink twink twink  synthpop synthpop synthpop synthpop  psychedelic%20pop psychedelic%20pop psychedelic%20pop psychedelic%20pop psychedelic%20pop psychedelic%20pop psychedelic%20pop psychedelic%20pop psychedelic%20pop psychedelic%20pop psychedelic%20pop psychedelic%20pop psychedelic%20pop psychedelic%20pop psychedelic%20pop psychedelic%20pop psychedelic%20pop psychedelic%20pop psychedelic%20pop psychedelic%20pop psychedelic%20pop psychedelic%20pop psychedelic%20pop psychedelic%20pop psychedelic%20pop  synth%20rock%20arranging synth%20rock%20arranging synth%20rock%20arranging synth%20rock%20arranging  lov lov lov lov lov lov lov lov  post-rock post-rock post-rock post-rock post-rock post-rock post-rock post-rock  embriaguez embriaguez embriaguez embriaguez  a%20vocal-centric%20aesthetic a%20vocal-centric%20aesthetic a%20vocal-centric%20aesthetic a%20vocal-centric%20aesthetic  glo-fi glo-fi glo-fi glo-fi  mareo mareo mareo mareo  speed%20songz speed%20songz speed%20songz speed%20songz  twin%20of%20myself twin%20of%20myself twin%20of%20myself twin%20of%20myself twin%20of%20myself twin%20of%20myself twin%20of%20myself twin%20of%20myself twin%20of%20myself twin%20of%20myself twin%20of%20myself twin%20of%20myself twin%20of%20myself twin%20of%20myself twin%20of%20myself twin%20of%20myself twin%20of%20myself twin%20of%20myself twin%20of%20myself twin%20of%20myself twin%20of%20myself twin%20of%20myself twin%20of%20myself twin%20of%20myself twin%20of%20myself  alusinogeno alusinogeno alusinogeno alusinogeno  efecto%20crystal efecto%20crystal efecto%20crystal efecto%20crystal  cryst cryst cryst cryst  2009 2009 2009 2009 2009 2009 2009 2009  electron electron electron electron electron electron electron electron electron electron electron electron  dreamy dreamy dreamy dreamy dreamy dreamy dreamy dreamy  chillshoe%20and%20wavegaz chillshoe%20and%20wavegaz chillshoe%20and%20wavegaz chillshoe%20and%20wavegaz  synthetic%20sonority synthetic%20sonority synthetic%20sonority synthetic%20sonority  black%20moth%20super%20rainbow black%20moth%20super%20rainbow black%20moth%20super%20rainbow black%20moth%20super%20rainbow black%20moth%20super%20rainbow black%20moth%20super%20rainbow black%20moth%20super%20rainbow black%20moth%20super%20rainbow black%20moth%20super%20rainbow black%20moth%20super%20rainbow black%20moth%20super%20rainbow black%20moth%20super%20rainbow black%20moth%20super%20rainbow black%20moth%20super%20rainbow black%20moth%20super%20rainbow black%20moth%20super%20rainbow black%20moth%20super%20rainbow black%20moth%20super%20rainbow black%20moth%20super%20rainbow black%20moth%20super%20rainbow black%20moth%20super%20rainbow black%20moth%20super%20rainbow black%20moth%20super%20rainbow black%20moth%20super%20rainbow black%20moth%20super%20rainbow  prominent%20use%20of%20synth prominent%20use%20of%20synth prominent%20use%20of%20synth prominent%20use%20of%20synth  psychedel psychedel psychedel psychedel psychedel psychedel psychedel psychedel  00s 00s 00s 00s 00s 00s 00s 00s  indie%20pop indie%20pop indie%20pop indie%20pop indie%20pop indie%20pop indie%20pop indie%20pop indie%20pop indie%20pop indie%20pop indie%20pop  tambaleo tambaleo tambaleo tambaleo  nost nost nost nost  neo-psychedelia neo-psychedelia neo-psychedelia neo-psychedelia  tobacco tobacco tobacco tobacco  efecto%20lsd efecto%20lsd efecto%20lsd efecto%20lsd  mdma mdma mdma mdma  pasidrin pasidrin pasidrin pasidrin  indy indy indy indy  psychedelic%20rock psychedelic%20rock psychedelic%20rock psychedelic%20rock psychedelic%20rock psychedelic%20rock psychedelic%20rock psychedelic%20rock  drug drug drug drug  trym trym trym trym  eufor eufor eufor eufor  exitac exitac exitac exitac  im%20on im%20on im%20on im%20on  unusual%20vocal%20sounds unusual%20vocal%20sounds unusual%20vocal%20sounds unusual%20vocal%20sounds  fum fum fum fum  drog drog drog drog  lizvelrene2009 lizvelrene2009 lizvelrene2009 lizvelrene2009 