classic%20rock classic%20rock classic%20rock classic%20rock classic%20rock classic%20rock classic%20rock classic%20rock classic%20rock classic%20rock  power%20pop power%20pop power%20pop  pop pop pop  brit brit brit  late60s-early%2070s late60s-early%2070s late60s-early%2070s  proto%20punk proto%20punk proto%20punk  garage%20rock garage%20rock garage%20rock  ogdens'%20nut%20gone%20flake ogdens'%20nut%20gone%20flake ogdens'%20nut%20gone%20flake ogdens'%20nut%20gone%20flake ogdens'%20nut%20gone%20flake ogdens'%20nut%20gone%20flake ogdens'%20nut%20gone%20flake ogdens'%20nut%20gone%20flake ogdens'%20nut%20gone%20flake ogdens'%20nut%20gone%20flake ogdens'%20nut%20gone%20flake ogdens'%20nut%20gone%20flake ogdens'%20nut%20gone%20flake ogdens'%20nut%20gone%20flake ogdens'%20nut%20gone%20flake ogdens'%20nut%20gone%20flake ogdens'%20nut%20gone%20flake ogdens'%20nut%20gone%20flake ogdens'%20nut%20gone%20flake ogdens'%20nut%20gone%20flake ogdens'%20nut%20gone%20flake ogdens'%20nut%20gone%20flake ogdens'%20nut%20gone%20flake ogdens'%20nut%20gone%20flake ogdens'%20nut%20gone%20flake  powerpop powerpop powerpop  small%20faces small%20faces small%20faces small%20faces small%20faces small%20faces small%20faces small%20faces small%20faces small%20faces small%20faces small%20faces small%20faces small%20faces small%20faces small%20faces small%20faces small%20faces small%20faces small%20faces small%20faces small%20faces small%20faces small%20faces small%20faces  60s 60s 60s 60s 60s 60s 60s 60s 60s 60s 60s 60s 60s 60s  chameleon chameleon chameleon  glam%20rock glam%20rock glam%20rock  met met met  mod mod mod mod mod mod mod mod mod mod mod mod mod mod  psychedel psychedel psychedel psychedel psychedel psychedel psychedel psychedel psychedel psychedel psychedel psychedel psychedel psychedel psychedel psychedel psychedel psychedel psychedel psychedel psychedel psychedel psychedel psychedel psychedel  punk punk punk  psychedelic%20rock psychedelic%20rock psychedelic%20rock psychedelic%20rock psychedelic%20rock psychedelic%20rock psychedelic%20rock psychedelic%20rock psychedelic%20rock psychedelic%20rock  rock-protopunk rock-protopunk rock-protopunk  instru instru instru instru instru instru instru  rock rock rock rock rock rock rock  grand%20theft%20auto grand%20theft%20auto grand%20theft%20auto  non-us%20rock non-us%20rock non-us%20rock 