brit             electron electron electron electron electron electron electron electron electron electron electron electron electron electron electron electron electron electron electron electron   dreamy dreamy dreamy dreamy dreamy dreamy   psychedel psychedel         ambient%20house ambient%20house    acid   90s 90s   amby amby amby amby amby amby amby amby amby amby amby amby amby amby amby amby amby amby amby amby amby amby amby amby amby   sum sum   somafm somafm somafm somafm somafm somafm somafm somafm somafm somafm somafm    techno techno   trip-hop  downtempo downtempo   idm idm     eth  spacest spacest spacest spacest spacest spacest spacest  electronic electronic electronic electronic electronic electronic electronic     dub   ambient%20dub      chillout chillout chillout chillout chillout chillout chillout chillout chillout chillout chillout chillout chillout    the%20orb the%20orb the%20orb the%20orb the%20orb the%20orb the%20orb the%20orb the%20orb the%20orb the%20orb the%20orb the%20orb the%20orb the%20orb the%20orb the%20orb the%20orb the%20orb the%20orb the%20orb the%20orb the%20orb the%20orb the%20orb the%20orb   1990   hous hous          chil chil          little%20fluffy%20clouds little%20fluffy%20clouds little%20fluffy%20clouds little%20fluffy%20clouds little%20fluffy%20clouds little%20fluffy%20clouds little%20fluffy%20clouds little%20fluffy%20clouds little%20fluffy%20clouds little%20fluffy%20clouds little%20fluffy%20clouds little%20fluffy%20clouds little%20fluffy%20clouds little%20fluffy%20clouds little%20fluffy%20clouds little%20fluffy%20clouds little%20fluffy%20clouds little%20fluffy%20clouds little%20fluffy%20clouds little%20fluffy%20clouds little%20fluffy%20clouds little%20fluffy%20clouds little%20fluffy%20clouds little%20fluffy%20clouds little%20fluffy%20clouds   groovesalad groovesalad groovesalad         