cory%20brothers cory%20brothers cory%20brothers cory%20brothers cory%20brothers cory%20brothers cory%20brothers cory%20brothers  guit guit guit guit guit guit guit guit  creative%20commons creative%20commons creative%20commons creative%20commons creative%20commons creative%20commons creative%20commons creative%20commons creative%20commons creative%20commons creative%20commons creative%20commons creative%20commons creative%20commons creative%20commons creative%20commons  funny funny funny funny funny funny funny funny  barenaked%20ladies barenaked%20ladies barenaked%20ladies barenaked%20ladies barenaked%20ladies barenaked%20ladies barenaked%20ladies barenaked%20ladies  canad canad canad canad canad canad canad canad canad canad canad canad canad canad canad canad  sick%20as%20a%20dog sick%20as%20a%20dog sick%20as%20a%20dog sick%20as%20a%20dog sick%20as%20a%20dog sick%20as%20a%20dog sick%20as%20a%20dog sick%20as%20a%20dog sick%20as%20a%20dog sick%20as%20a%20dog sick%20as%20a%20dog sick%20as%20a%20dog sick%20as%20a%20dog sick%20as%20a%20dog sick%20as%20a%20dog sick%20as%20a%20dog sick%20as%20a%20dog sick%20as%20a%20dog sick%20as%20a%20dog sick%20as%20a%20dog sick%20as%20a%20dog sick%20as%20a%20dog sick%20as%20a%20dog sick%20as%20a%20dog sick%20as%20a%20dog sick%20as%20a%20dog sick%20as%20a%20dog sick%20as%20a%20dog sick%20as%20a%20dog sick%20as%20a%20dog sick%20as%20a%20dog sick%20as%20a%20dog sick%20as%20a%20dog  alanis%20morissette alanis%20morissette alanis%20morissette alanis%20morissette alanis%20morissette alanis%20morissette alanis%20morissette alanis%20morissette  amanda%20marshall amanda%20marshall amanda%20marshall amanda%20marshall amanda%20marshall amanda%20marshall amanda%20marshall amanda%20marshall  electro electro electro electro electro electro electro electro  altern altern altern altern altern altern altern altern altern altern altern altern altern altern altern altern altern altern altern altern altern altern altern altern altern  bryan%20adams bryan%20adams bryan%20adams bryan%20adams bryan%20adams bryan%20adams bryan%20adams bryan%20adams  sarah%20mclachlan sarah%20mclachlan sarah%20mclachlan sarah%20mclachlan sarah%20mclachlan sarah%20mclachlan sarah%20mclachlan sarah%20mclachlan  jamendo jamendo jamendo jamendo jamendo jamendo jamendo jamendo  tyler%20adam tyler%20adam tyler%20adam tyler%20adam tyler%20adam tyler%20adam tyler%20adam tyler%20adam  male%20vocalists male%20vocalists male%20vocalists male%20vocalists male%20vocalists male%20vocalists male%20vocalists male%20vocalists  acoust acoust acoust acoust acoust acoust acoust acoust  brad%20sucks brad%20sucks brad%20sucks brad%20sucks brad%20sucks brad%20sucks brad%20sucks brad%20sucks brad%20sucks brad%20sucks brad%20sucks brad%20sucks brad%20sucks brad%20sucks brad%20sucks brad%20sucks brad%20sucks brad%20sucks brad%20sucks brad%20sucks brad%20sucks brad%20sucks brad%20sucks brad%20sucks brad%20sucks brad%20sucks brad%20sucks brad%20sucks brad%20sucks brad%20sucks brad%20sucks brad%20sucks brad%20sucks  indy indy indy indy indy indy indy indy indy indy indy indy indy indy indy indy  dog dog dog dog dog dog dog dog  2003 2003 2003 2003 2003 2003 2003 2003  bens%20imaginary%20band bens%20imaginary%20band bens%20imaginary%20band bens%20imaginary%20band bens%20imaginary%20band bens%20imaginary%20band bens%20imaginary%20band bens%20imaginary%20band  rock rock rock rock rock rock rock rock 