phantom%20planet phantom%20planet phantom%20planet phantom%20planet phantom%20planet phantom%20planet phantom%20planet phantom%20planet phantom%20planet phantom%20planet phantom%20planet phantom%20planet phantom%20planet phantom%20planet phantom%20planet phantom%20planet phantom%20planet phantom%20planet phantom%20planet phantom%20planet phantom%20planet phantom%20planet phantom%20planet phantom%20planet phantom%20planet phantom%20planet phantom%20planet phantom%20planet phantom%20planet phantom%20planet phantom%20planet phantom%20planet phantom%20planet phantom%20planet phantom%20planet phantom%20planet phantom%20planet  badd%20business badd%20business badd%20business badd%20business badd%20business badd%20business badd%20business badd%20business badd%20business badd%20business badd%20business badd%20business badd%20business badd%20business badd%20business badd%20business badd%20business badd%20business badd%20business badd%20business badd%20business badd%20business badd%20business badd%20business badd%20business  indie%20rock indie%20rock indie%20rock indie%20rock indie%20rock indie%20rock  engl engl engl engl engl engl  songs%20to%20sing%20at%20the%20top%20of%20my%20lung songs%20to%20sing%20at%20the%20top%20of%20my%20lung songs%20to%20sing%20at%20the%20top%20of%20my%20lung songs%20to%20sing%20at%20the%20top%20of%20my%20lung songs%20to%20sing%20at%20the%20top%20of%20my%20lung songs%20to%20sing%20at%20the%20top%20of%20my%20lung  best%20of%202004 best%20of%202004 best%20of%202004 best%20of%202004 best%20of%202004 best%20of%202004  indy indy indy indy indy indy indy indy indy indy indy indy indy indy indy indy indy indy indy indy indy indy indy indy indy  brit brit brit brit brit brit  gg gg gg gg gg gg  altern altern altern altern altern altern altern altern altern altern altern altern altern altern altern altern altern altern  geek%20rock geek%20rock geek%20rock geek%20rock geek%20rock geek%20rock  singlesph singlesph singlesph singlesph singlesph singlesph  rock rock rock rock rock rock rock rock rock rock rock rock  brain2brain brain2brain brain2brain brain2brain brain2brain brain2brain  take-out%20menu take-out%20menu take-out%20menu take-out%20menu take-out%20menu take-out%20menu 