  brit brit        electron electron electron electron electron electron electron electron electron electron electron electron electron electron electron electron electron electron   dreamy           90s    expery expery  somafm somafm somafm            techno techno techno         idm idm idm idm idm idm idm idm idm idm    spacest spacest spacest  atmosph  electronic electronic electronic electronic electronic electronic electronic       chillout chillout chillout chillout chillout chillout chillout chillout chillout chillout   relax relax    mellow        aphex%20twin aphex%20twin aphex%20twin aphex%20twin aphex%20twin aphex%20twin aphex%20twin aphex%20twin aphex%20twin aphex%20twin aphex%20twin aphex%20twin aphex%20twin aphex%20twin aphex%20twin aphex%20twin aphex%20twin aphex%20twin aphex%20twin aphex%20twin aphex%20twin aphex%20twin aphex%20twin aphex%20twin aphex%20twin aphex%20twin       chil chil       ambient%20techno ambient%20techno ambient%20techno ambient%20techno  xtal xtal xtal xtal xtal xtal xtal xtal xtal xtal xtal xtal xtal xtal xtal xtal xtal xtal xtal xtal xtal xtal xtal xtal xtal   beauty beauty          amby amby amby amby amby amby amby amby amby amby amby amby amby amby amby amby amby amby amby amby amby amby amby amby amby     instru   