alternative%20rock alternative%20rock alternative%20rock alternative%20rock alternative%20rock alternative%20rock alternative%20rock  upb upb upb  celebr celebr celebr celebr celebr celebr celebr  pop pop pop pop pop pop pop  brit brit brit  chadmccolgin%20plays%20the%20funk%20and%20rb chadmccolgin%20plays%20the%20funk%20and%20rb chadmccolgin%20plays%20the%20funk%20and%20rb  uplifiting%20alternative uplifiting%20alternative uplifiting%20alternative  brit%20pop brit%20pop brit%20pop brit%20pop brit%20pop brit%20pop brit%20pop  bount bount bount  nu%20profile nu%20profile nu%20profile  britann britann britann  celebrity%20sanctum celebrity%20sanctum celebrity%20sanctum celebrity%20sanctum celebrity%20sanctum celebrity%20sanctum celebrity%20sanctum celebrity%20sanctum celebrity%20sanctum celebrity%20sanctum celebrity%20sanctum celebrity%20sanctum celebrity%20sanctum celebrity%20sanctum celebrity%20sanctum celebrity%20sanctum celebrity%20sanctum celebrity%20sanctum celebrity%20sanctum celebrity%20sanctum celebrity%20sanctum celebrity%20sanctum celebrity%20sanctum celebrity%20sanctum celebrity%20sanctum  beautiful%20harmony beautiful%20harmony beautiful%20harmony  indie%20rock indie%20rock indie%20rock indie%20rock indie%20rock indie%20rock indie%20rock indie%20rock indie%20rock indie%20rock indie%20rock indie%20rock indie%20rock indie%20rock indie%20rock indie%20rock indie%20rock  scotland scotland scotland  scot scot scot  ska ska ska  bob%20your%20head bob%20your%20head bob%20your%20head  feelgood feelgood feelgood feelgood feelgood feelgood feelgood feelgood feelgood feelgood  happy happy happy  altern altern altern  namedrop namedrop namedrop  britpop britpop britpop  glasgow%20bands glasgow%20bands glasgow%20bands  indie%20pop indie%20pop indie%20pop indie%20pop indie%20pop indie%20pop indie%20pop indie%20pop indie%20pop indie%20pop indie%20pop indie%20pop indie%20pop indie%20pop  acoust acoust acoust  indy indy indy indy indy indy indy indy indy indy indy indy indy indy indy indy indy indy indy indy indy indy indy indy indy  summer%20hits summer%20hits summer%20hits  driving%20music driving%20music driving%20music  birthday%20track birthday%20track birthday%20track  person person person  stuff stuff stuff  dogs%20die%20in%20hot%20car dogs%20die%20in%20hot%20car dogs%20die%20in%20hot%20car dogs%20die%20in%20hot%20car dogs%20die%20in%20hot%20car dogs%20die%20in%20hot%20car dogs%20die%20in%20hot%20car dogs%20die%20in%20hot%20car dogs%20die%20in%20hot%20car dogs%20die%20in%20hot%20car dogs%20die%20in%20hot%20car dogs%20die%20in%20hot%20car dogs%20die%20in%20hot%20car dogs%20die%20in%20hot%20car dogs%20die%20in%20hot%20car dogs%20die%20in%20hot%20car dogs%20die%20in%20hot%20car dogs%20die%20in%20hot%20car dogs%20die%20in%20hot%20car dogs%20die%20in%20hot%20car dogs%20die%20in%20hot%20car dogs%20die%20in%20hot%20car dogs%20die%20in%20hot%20car dogs%20die%20in%20hot%20car dogs%20die%20in%20hot%20car  iron iron iron  best%20of%202004 best%20of%202004 best%20of%202004 