altern altern altern altern altern altern altern altern altern altern altern altern altern altern altern altern altern altern altern altern altern altern altern altern altern  fu%20manchu fu%20manchu fu%20manchu fu%20manchu fu%20manchu fu%20manchu fu%20manchu fu%20manchu fu%20manchu fu%20manchu fu%20manchu fu%20manchu fu%20manchu fu%20manchu fu%20manchu fu%20manchu fu%20manchu fu%20manchu fu%20manchu fu%20manchu fu%20manchu fu%20manchu fu%20manchu fu%20manchu fu%20manchu fu%20manchu fu%20manchu fu%20manchu fu%20manchu fu%20manchu fu%20manchu fu%20manchu fu%20manchu fu%20manchu fu%20manchu fu%20manchu fu%20manchu fu%20manchu fu%20manchu fu%20manchu fu%20manchu fu%20manchu fu%20manchu fu%20manchu fu%20manchu fu%20manchu fu%20manchu fu%20manchu fu%20manchu fu%20manchu  space%20sucker space%20sucker space%20sucker space%20sucker space%20sucker space%20sucker space%20sucker space%20sucker space%20sucker space%20sucker space%20sucker space%20sucker space%20sucker space%20sucker space%20sucker space%20sucker space%20sucker space%20sucker space%20sucker space%20sucker space%20sucker space%20sucker space%20sucker space%20sucker space%20sucker  punk punk punk punk punk punk punk punk punk punk punk punk punk punk punk punk punk punk punk punk punk punk punk punk punk  rock rock rock rock rock rock rock rock rock rock rock rock rock rock rock rock rock rock rock rock rock rock rock rock rock  stoner%20rock stoner%20rock stoner%20rock stoner%20rock stoner%20rock stoner%20rock stoner%20rock stoner%20rock stoner%20rock stoner%20rock stoner%20rock stoner%20rock stoner%20rock stoner%20rock stoner%20rock stoner%20rock stoner%20rock stoner%20rock stoner%20rock stoner%20rock stoner%20rock stoner%20rock stoner%20rock stoner%20rock stoner%20rock  mr%20spacely mr%20spacely mr%20spacely mr%20spacely mr%20spacely mr%20spacely mr%20spacely mr%20spacely mr%20spacely mr%20spacely mr%20spacely mr%20spacely mr%20spacely mr%20spacely mr%20spacely mr%20spacely mr%20spacely mr%20spacely mr%20spacely mr%20spacely mr%20spacely mr%20spacely mr%20spacely mr%20spacely mr%20spacely 