herb%20ward herb%20ward herb%20ward herb%20ward herb%20ward herb%20ward herb%20ward herb%20ward herb%20ward herb%20ward herb%20ward herb%20ward herb%20ward herb%20ward herb%20ward herb%20ward herb%20ward herb%20ward herb%20ward herb%20ward herb%20ward herb%20ward herb%20ward herb%20ward herb%20ward  soulnorthern soulnorthern soulnorthern soulnorthern soulnorthern  strange%20change strange%20change strange%20change strange%20change strange%20change strange%20change strange%20change strange%20change strange%20change strange%20change strange%20change strange%20change strange%20change strange%20change strange%20change strange%20change strange%20change strange%20change strange%20change strange%20change strange%20change strange%20change strange%20change strange%20change strange%20change  soul soul soul soul soul soul soul soul soul soul  northern%20soul northern%20soul northern%20soul northern%20soul northern%20soul northern%20soul northern%20soul northern%20soul northern%20soul northern%20soul northern%20soul northern%20soul northern%20soul northern%20soul northern%20soul northern%20soul northern%20soul northern%20soul northern%20soul northern%20soul northern%20soul northern%20soul northern%20soul northern%20soul northern%20soul 