  sleep sleep           dark dark dark  electron electron            amby amby amby amby amby amby amby amby amby amby amby amby amby amby amby amby amby amby amby amby amby amby amby amby amby amby amby amby amby    somafm somafm somafm somafm somafm somafm somafm somafm              eth  hyperbore hyperbore hyperbore hyperbore hyperbore hyperbore hyperbore hyperbore hyperbore hyperbore hyperbore hyperbore hyperbore hyperbore hyperbore hyperbore hyperbore hyperbore hyperbore hyperbore hyperbore hyperbore hyperbore hyperbore hyperbore    twin twin        chillout chillout chillout chillout chillout  relax   dronezon dronezon dronezon dronezon dronezon dronezon dronezon dronezon               biosph biosph biosph biosph biosph biosph biosph biosph biosph biosph biosph biosph biosph biosph biosph biosph biosph biosph biosph biosph biosph biosph biosph biosph biosph          peak peak             