nu%20jazz nu%20jazz nu%20jazz nu%20jazz nu%20jazz  jazz jazz jazz jazz jazz jazz jazz jazz jazz jazz  3%20stars 3%20stars 3%20stars 3%20stars 3%20stars  sephael sephael sephael sephael sephael  drjazzmrfunkmusic drjazzmrfunkmusic drjazzmrfunkmusic drjazzmrfunkmusic drjazzmrfunkmusic drjazzmrfunkmusic drjazzmrfunkmusic drjazzmrfunkmusic drjazzmrfunkmusic drjazzmrfunkmusic drjazzmrfunkmusic drjazzmrfunkmusic drjazzmrfunkmusic drjazzmrfunkmusic drjazzmrfunkmusic drjazzmrfunkmusic drjazzmrfunkmusic drjazzmrfunkmusic drjazzmrfunkmusic drjazzmrfunkmusic drjazzmrfunkmusic drjazzmrfunkmusic drjazzmrfunkmusic drjazzmrfunkmusic drjazzmrfunkmusic  p34ch%20d41k1r1 p34ch%20d41k1r1 p34ch%20d41k1r1 p34ch%20d41k1r1 p34ch%20d41k1r1 p34ch%20d41k1r1 p34ch%20d41k1r1 p34ch%20d41k1r1 p34ch%20d41k1r1 p34ch%20d41k1r1  4v4nt%20g4rd3 4v4nt%20g4rd3 4v4nt%20g4rd3 4v4nt%20g4rd3 4v4nt%20g4rd3  the%20many%20and%20the%20few the%20many%20and%20the%20few the%20many%20and%20the%20few the%20many%20and%20the%20few the%20many%20and%20the%20few the%20many%20and%20the%20few the%20many%20and%20the%20few the%20many%20and%20the%20few the%20many%20and%20the%20few the%20many%20and%20the%20few the%20many%20and%20the%20few the%20many%20and%20the%20few the%20many%20and%20the%20few the%20many%20and%20the%20few the%20many%20and%20the%20few the%20many%20and%20the%20few the%20many%20and%20the%20few the%20many%20and%20the%20few the%20many%20and%20the%20few the%20many%20and%20the%20few the%20many%20and%20the%20few the%20many%20and%20the%20few the%20many%20and%20the%20few the%20many%20and%20the%20few the%20many%20and%20the%20few  4v4nt%20j4zz 4v4nt%20j4zz 4v4nt%20j4zz 4v4nt%20j4zz 4v4nt%20j4zz  the%20matthew%20herbert%20big%20band the%20matthew%20herbert%20big%20band the%20matthew%20herbert%20big%20band the%20matthew%20herbert%20big%20band the%20matthew%20herbert%20big%20band the%20matthew%20herbert%20big%20band the%20matthew%20herbert%20big%20band the%20matthew%20herbert%20big%20band the%20matthew%20herbert%20big%20band the%20matthew%20herbert%20big%20band the%20matthew%20herbert%20big%20band the%20matthew%20herbert%20big%20band the%20matthew%20herbert%20big%20band the%20matthew%20herbert%20big%20band the%20matthew%20herbert%20big%20band the%20matthew%20herbert%20big%20band the%20matthew%20herbert%20big%20band the%20matthew%20herbert%20big%20band the%20matthew%20herbert%20big%20band the%20matthew%20herbert%20big%20band the%20matthew%20herbert%20big%20band the%20matthew%20herbert%20big%20band the%20matthew%20herbert%20big%20band the%20matthew%20herbert%20big%20band the%20matthew%20herbert%20big%20band  stonesoup stonesoup stonesoup stonesoup stonesoup  electronic electronic electronic electronic electronic  jamie%20lidell jamie%20lidell jamie%20lidell jamie%20lidell jamie%20lidell jamie%20lidell jamie%20lidell jamie%20lidell jamie%20lidell jamie%20lidell 