altern altern altern altern altern altern altern altern  psychedel psychedel psychedel psychedel psychedel psychedel psychedel psychedel  indie%20pop indie%20pop indie%20pop indie%20pop  stranger stranger stranger stranger stranger stranger stranger stranger stranger stranger stranger stranger stranger stranger stranger stranger stranger stranger stranger stranger stranger stranger stranger stranger stranger  alternative%20rock alternative%20rock alternative%20rock alternative%20rock  lo-fi lo-fi lo-fi lo-fi lo-fi lo-fi lo-fi lo-fi lo-fi lo-fi lo-fi lo-fi  indie%20rock indie%20rock indie%20rock indie%20rock  indy indy indy indy indy indy indy indy indy indy indy indy indy indy indy indy indy indy indy indy indy indy indy indy indy  2010 2010 2010 2010  00s 00s 00s 00s 00s 00s 00s 00s  peterk%20worksafe peterk%20worksafe peterk%20worksafe peterk%20worksafe  personal%20favourites personal%20favourites personal%20favourites personal%20favourites  damned%20good damned%20good damned%20good damned%20good  poss poss poss poss  dr.%20dog dr.%20dog dr.%20dog dr.%20dog dr.%20dog dr.%20dog dr.%20dog dr.%20dog dr.%20dog dr.%20dog dr.%20dog dr.%20dog dr.%20dog dr.%20dog dr.%20dog dr.%20dog dr.%20dog dr.%20dog dr.%20dog dr.%20dog dr.%20dog dr.%20dog dr.%20dog dr.%20dog dr.%20dog 