alternative%20rock alternative%20rock  expery expery expery expery  atlant atlant atlant atlant atlant atlant  ambient%20punk ambient%20punk  yet%20another%204 yet%20another%204  10s 10s 10s 10s 10s 10s  gr%20100s gr%20100s  gr%20new gr%20new  gr85-155 gr85-155  drums%20i%20like drums%20i%20like  new%20guitar%20bands new%20guitar%20bands  gr%20hmm gr%20hmm  shoegaz shoegaz shoegaz shoegaz shoegaz shoegaz shoegaz shoegaz shoegaz shoegaz shoegaz shoegaz shoegaz shoegaz shoegaz shoegaz  indie%20rock indie%20rock indie%20rock indie%20rock indie%20rock indie%20rock indie%20rock indie%20rock indie%20rock indie%20rock indie%20rock indie%20rock indie%20rock indie%20rock indie%20rock indie%20rock indie%20rock indie%20rock indie%20rock indie%20rock indie%20rock indie%20rock indie%20rock indie%20rock indie%20rock  somafm somafm somafm somafm somafm somafm somafm somafm  memory%20boy memory%20boy memory%20boy memory%20boy memory%20boy memory%20boy memory%20boy memory%20boy memory%20boy memory%20boy memory%20boy memory%20boy memory%20boy memory%20boy memory%20boy memory%20boy memory%20boy memory%20boy memory%20boy memory%20boy memory%20boy memory%20boy memory%20boy memory%20boy memory%20boy  bagel bagel bagel bagel bagel bagel bagel bagel  post-punk post-punk post-punk post-punk  in%20with%20the%20new in%20with%20the%20new  2010 2010 2010 2010  altern altern altern altern altern altern  gr%2020-30 gr%2020-30  similar%20to:%20built%20to%20spill%20guided%20by%20voices%20sebadoh similar%20to:%20built%20to%20spill%20guided%20by%20voices%20sebadoh similar%20to:%20built%20to%20spill%20guided%20by%20voices%20sebadoh similar%20to:%20built%20to%20spill%20guided%20by%20voices%20sebadoh  indie%20pop indie%20pop indie%20pop indie%20pop indie%20pop indie%20pop indie%20pop indie%20pop indie%20pop indie%20pop  dream%20pop dream%20pop  under%20three%20minutes under%20three%20minutes under%20three%20minutes under%20three%20minutes  psychedel psychedel psychedel psychedel psychedel psychedel psychedel psychedel psychedel psychedel psychedel psychedel  gr%20rev gr%20rev  male%20vocalists male%20vocalists  neo-psychedelia neo-psychedelia  indy indy indy indy indy indy indy indy indy indy indy indy indy indy indy indy indy indy indy indy indy indy  experimental%20rock experimental%20rock  gr%20alt gr%20alt  il%20problema%20di%20girarsi il%20problema%20di%20girarsi  rock rock rock rock  radio%20as%20i%20want%20it radio%20as%20i%20want%20it  deerhunt deerhunt deerhunt deerhunt deerhunt deerhunt deerhunt deerhunt deerhunt deerhunt deerhunt deerhunt deerhunt deerhunt deerhunt deerhunt deerhunt deerhunt deerhunt deerhunt deerhunt deerhunt deerhunt deerhunt deerhunt 