male%20vocalists male%20vocalists male%20vocalists male%20vocalists male%20vocalists male%20vocalists male%20vocalists male%20vocalists male%20vocalists male%20vocalists male%20vocalists male%20vocalists  acoust acoust acoust acoust acoust acoust acoust acoust acoust acoust acoust acoust acoust acoust acoust acoust acoust acoust acoust acoust acoust acoust acoust acoust acoust  otra%20vez otra%20vez otra%20vez otra%20vez otra%20vez otra%20vez otra%20vez otra%20vez otra%20vez otra%20vez otra%20vez otra%20vez  4%20of%2010%20stars 4%20of%2010%20stars 4%20of%2010%20stars 4%20of%2010%20stars 4%20of%2010%20stars 4%20of%2010%20stars 4%20of%2010%20stars 4%20of%2010%20stars 4%20of%2010%20stars 4%20of%2010%20stars 4%20of%2010%20stars 4%20of%2010%20stars  listened%20and%20said%20no%20thanks listened%20and%20said%20no%20thanks listened%20and%20said%20no%20thanks listened%20and%20said%20no%20thanks listened%20and%20said%20no%20thanks listened%20and%20said%20no%20thanks listened%20and%20said%20no%20thanks listened%20and%20said%20no%20thanks listened%20and%20said%20no%20thanks listened%20and%20said%20no%20thanks listened%20and%20said%20no%20thanks listened%20and%20said%20no%20thanks  singer-songwrit singer-songwrit singer-songwrit singer-songwrit singer-songwrit singer-songwrit singer-songwrit singer-songwrit singer-songwrit singer-songwrit singer-songwrit singer-songwrit  only%20the%20wine only%20the%20wine only%20the%20wine only%20the%20wine only%20the%20wine only%20the%20wine only%20the%20wine only%20the%20wine only%20the%20wine only%20the%20wine only%20the%20wine only%20the%20wine only%20the%20wine only%20the%20wine only%20the%20wine only%20the%20wine only%20the%20wine only%20the%20wine only%20the%20wine only%20the%20wine only%20the%20wine only%20the%20wine only%20the%20wine only%20the%20wine only%20the%20wine  david%20gray david%20gray david%20gray david%20gray david%20gray david%20gray david%20gray david%20gray david%20gray david%20gray david%20gray david%20gray david%20gray david%20gray david%20gray david%20gray david%20gray david%20gray david%20gray david%20gray david%20gray david%20gray david%20gray david%20gray david%20gray 