root362 root362 root362 root362 root362 root362 root362 root362 root362 root362 root362 root362  free%20according%20to%20stretchead free%20according%20to%20stretchead free%20according%20to%20stretchead free%20according%20to%20stretchead free%20according%20to%20stretchead free%20according%20to%20stretchead free%20according%20to%20stretchead free%20according%20to%20stretchead free%20according%20to%20stretchead free%20according%20to%20stretchead free%20according%20to%20stretchead free%20according%20to%20stretchead free%20according%20to%20stretchead free%20according%20to%20stretchead free%20according%20to%20stretchead free%20according%20to%20stretchead free%20according%20to%20stretchead free%20according%20to%20stretchead free%20according%20to%20stretchead free%20according%20to%20stretchead free%20according%20to%20stretchead free%20according%20to%20stretchead free%20according%20to%20stretchead free%20according%20to%20stretchead free%20according%20to%20stretchead  rootie%20b213 rootie%20b213 rootie%20b213 rootie%20b213 rootie%20b213 rootie%20b213 rootie%20b213 rootie%20b213 rootie%20b213 rootie%20b213 rootie%20b213 rootie%20b213  c%20i%20t%20i%20e%20s c%20i%20t%20i%20e%20s c%20i%20t%20i%20e%20s c%20i%20t%20i%20e%20s c%20i%20t%20i%20e%20s c%20i%20t%20i%20e%20s c%20i%20t%20i%20e%20s c%20i%20t%20i%20e%20s c%20i%20t%20i%20e%20s c%20i%20t%20i%20e%20s c%20i%20t%20i%20e%20s c%20i%20t%20i%20e%20s  l%20humble%20simplicite l%20humble%20simplicite l%20humble%20simplicite l%20humble%20simplicite l%20humble%20simplicite l%20humble%20simplicite l%20humble%20simplicite l%20humble%20simplicite l%20humble%20simplicite l%20humble%20simplicite l%20humble%20simplicite l%20humble%20simplicite  instead%20of%20rootie instead%20of%20rootie instead%20of%20rootie instead%20of%20rootie instead%20of%20rootie instead%20of%20rootie instead%20of%20rootie instead%20of%20rootie instead%20of%20rootie instead%20of%20rootie instead%20of%20rootie instead%20of%20rootie  q-33-p q-33-p q-33-p q-33-p q-33-p q-33-p q-33-p q-33-p q-33-p q-33-p q-33-p q-33-p  arms%20and%20sleeper arms%20and%20sleeper arms%20and%20sleeper arms%20and%20sleeper arms%20and%20sleeper arms%20and%20sleeper arms%20and%20sleeper arms%20and%20sleeper arms%20and%20sleeper arms%20and%20sleeper arms%20and%20sleeper arms%20and%20sleeper arms%20and%20sleeper arms%20and%20sleeper arms%20and%20sleeper arms%20and%20sleeper arms%20and%20sleeper arms%20and%20sleeper arms%20and%20sleeper arms%20and%20sleeper arms%20and%20sleeper arms%20and%20sleeper arms%20and%20sleeper arms%20and%20sleeper arms%20and%20sleeper  lisbon lisbon lisbon lisbon lisbon lisbon lisbon lisbon lisbon lisbon lisbon lisbon lisbon lisbon lisbon lisbon lisbon lisbon lisbon lisbon lisbon lisbon lisbon lisbon lisbon  rs%20tropea rs%20tropea rs%20tropea rs%20tropea rs%20tropea rs%20tropea rs%20tropea rs%20tropea rs%20tropea rs%20tropea rs%20tropea rs%20tropea  r96000 r96000 r96000 r96000 r96000 r96000 r96000 r96000 r96000 r96000 r96000 r96000  w%20e%20e%20d%20i%20n%20g%20h%20a%20n%20d%20s w%20e%20e%20d%20i%20n%20g%20h%20a%20n%20d%20s w%20e%20e%20d%20i%20n%20g%20h%20a%20n%20d%20s w%20e%20e%20d%20i%20n%20g%20h%20a%20n%20d%20s w%20e%20e%20d%20i%20n%20g%20h%20a%20n%20d%20s w%20e%20e%20d%20i%20n%20g%20h%20a%20n%20d%20s w%20e%20e%20d%20i%20n%20g%20h%20a%20n%20d%20s w%20e%20e%20d%20i%20n%20g%20h%20a%20n%20d%20s w%20e%20e%20d%20i%20n%20g%20h%20a%20n%20d%20s w%20e%20e%20d%20i%20n%20g%20h%20a%20n%20d%20s w%20e%20e%20d%20i%20n%20g%20h%20a%20n%20d%20s w%20e%20e%20d%20i%20n%20g%20h%20a%20n%20d%20s  minog%20case minog%20case minog%20case minog%20case minog%20case minog%20case minog%20case minog%20case minog%20case minog%20case minog%20case minog%20case  tunes%20to%20rearrange%20your%20brain tunes%20to%20rearrange%20your%20brain tunes%20to%20rearrange%20your%20brain tunes%20to%20rearrange%20your%20brain tunes%20to%20rearrange%20your%20brain tunes%20to%20rearrange%20your%20brain tunes%20to%20rearrange%20your%20brain tunes%20to%20rearrange%20your%20brain tunes%20to%20rearrange%20your%20brain tunes%20to%20rearrange%20your%20brain tunes%20to%20rearrange%20your%20brain tunes%20to%20rearrange%20your%20brain  post-rock post-rock post-rock post-rock post-rock post-rock post-rock post-rock post-rock post-rock post-rock post-rock 