chillwav chillwav chillwav chillwav chillwav chillwav chillwav chillwav chillwav chillwav chillwav chillwav chillwav chillwav chillwav chillwav chillwav chillwav chillwav chillwav chillwav chillwav chillwav chillwav chillwav  dreamwav dreamwav dreamwav dreamwav dreamwav dreamwav dreamwav dreamwav dreamwav dreamwav dreamwav dreamwav  metro%20downtempo metro%20downtempo metro%20downtempo metro%20downtempo metro%20downtempo metro%20downtempo  new%20wave new%20wave new%20wave new%20wave new%20wave new%20wave new%20wave new%20wave new%20wave new%20wave new%20wave new%20wave  groov groov groov groov groov groov  my%20timeline my%20timeline my%20timeline my%20timeline my%20timeline my%20timeline  lo-fi lo-fi lo-fi lo-fi lo-fi lo-fi lo-fi lo-fi lo-fi lo-fi lo-fi lo-fi lo-fi lo-fi lo-fi lo-fi lo-fi lo-fi lo-fi lo-fi lo-fi lo-fi lo-fi lo-fi lo-fi  indy indy indy indy indy indy indy indy indy indy indy indy indy indy indy indy indy indy  dream%20pop dream%20pop dream%20pop dream%20pop dream%20pop dream%20pop dream%20pop dream%20pop dream%20pop dream%20pop dream%20pop dream%20pop  work%20drugs work%20drugs work%20drugs work%20drugs work%20drugs work%20drugs work%20drugs work%20drugs work%20drugs work%20drugs work%20drugs work%20drugs work%20drugs work%20drugs work%20drugs work%20drugs work%20drugs work%20drugs work%20drugs work%20drugs work%20drugs work%20drugs work%20drugs work%20drugs work%20drugs  it%20gets%20better%20alone it%20gets%20better%20alone it%20gets%20better%20alone it%20gets%20better%20alone it%20gets%20better%20alone it%20gets%20better%20alone  electron electron electron electron electron electron electron electron electron electron electron electron  chillout chillout chillout chillout chillout chillout chillout chillout chillout chillout chillout chillout chillout chillout chillout chillout chillout chillout  balearic%20beat balearic%20beat balearic%20beat balearic%20beat balearic%20beat balearic%20beat  disco disco disco disco disco disco disco disco disco disco disco disco  electronic electronic electronic electronic electronic electronic electronic electronic electronic electronic electronic electronic  curious%20serge curious%20serge curious%20serge curious%20serge curious%20serge curious%20serge curious%20serge curious%20serge curious%20serge curious%20serge curious%20serge curious%20serge curious%20serge curious%20serge curious%20serge curious%20serge curious%20serge curious%20serge curious%20serge curious%20serge curious%20serge curious%20serge curious%20serge curious%20serge curious%20serge 