male%20vocalists male%20vocalists male%20vocalists male%20vocalists male%20vocalists  acoust acoust acoust acoust acoust acoust acoust acoust acoust acoust acoust acoust acoust acoust acoust acoust acoust acoust acoust acoust acoust acoust  us-singer us-singer  amby amby  roaming%20the%20globe roaming%20the%20globe  indy indy indy indy indy indy indy indy indy indy indy indy indy  indie%20folk indie%20folk indie%20folk indie%20folk indie%20folk  pop pop  geograph geograph  bon%20iver bon%20iver bon%20iver bon%20iver bon%20iver bon%20iver bon%20iver bon%20iver bon%20iver bon%20iver bon%20iver bon%20iver bon%20iver bon%20iver bon%20iver bon%20iver bon%20iver bon%20iver bon%20iver bon%20iver bon%20iver bon%20iver bon%20iver bon%20iver bon%20iver bon%20iver bon%20iver bon%20iver bon%20iver bon%20iver bon%20iver bon%20iver bon%20iver  short short  better%20on%20vinyl better%20on%20vinyl  instru instru instru instru instru instru instru instru instru instru instru instru instru instru instru instru  1live%20fiehe 1live%20fiehe 1live%20fiehe 1live%20fiehe 1live%20fiehe 1live%20fiehe 1live%20fiehe 1live%20fiehe 1live%20fiehe 1live%20fiehe 1live%20fiehe 1live%20fiehe 1live%20fiehe  rock rock  10s 10s  singer-songwrit singer-songwrit singer-songwrit singer-songwrit singer-songwrit  lisbon,%20oh lisbon,%20oh lisbon,%20oh lisbon,%20oh lisbon,%20oh lisbon,%20oh lisbon,%20oh lisbon,%20oh lisbon,%20oh lisbon,%20oh lisbon,%20oh lisbon,%20oh lisbon,%20oh lisbon,%20oh lisbon,%20oh lisbon,%20oh lisbon,%20oh lisbon,%20oh lisbon,%20oh lisbon,%20oh lisbon,%20oh lisbon,%20oh lisbon,%20oh lisbon,%20oh lisbon,%20oh  pwsm%20-%20real%20place pwsm%20-%20real%20place pwsm%20-%20real%20place pwsm%20-%20real%20place pwsm%20-%20real%20place pwsm%20-%20real%20place pwsm%20-%20real%20place pwsm%20-%20real%20place  folk folk folk folk folk folk folk folk folk folk folk folk folk folk folk folk folk folk folk folk folk folk folk folk folk 