leftfield leftfield  herz-1 herz-1 herz-1 herz-1 herz-1  expery expery expery expery expery expery expery expery  favourit favourit  particu particu particu particu particu  indy indy  lo-fi lo-fi lo-fi lo-fi lo-fi lo-fi lo-fi lo-fi lo-fi lo-fi lo-fi lo-fi lo-fi lo-fi lo-fi lo-fi lo-fi lo-fi lo-fi lo-fi lo-fi lo-fi lo-fi lo-fi lo-fi  indie%20rnb indie%20rnb  eargasm eargasm eargasm eargasm eargasm  atmosph atmosph atmosph atmosph atmosph  hip-hop hip-hop  depress depress  gentl gentl  solitud solitud  cold%20nites cold%20nites cold%20nites cold%20nites cold%20nites cold%20nites cold%20nites cold%20nites cold%20nites cold%20nites cold%20nites cold%20nites cold%20nites cold%20nites cold%20nites cold%20nites cold%20nites cold%20nites cold%20nites cold%20nites cold%20nites cold%20nites cold%20nites cold%20nites cold%20nites  fuckin%20genius fuckin%20genius fuckin%20genius fuckin%20genius fuckin%20genius  lov lov  hop hop  amaz amaz amaz amaz amaz  chillout chillout chillout chillout chillout chillout chillout chillout chillout chillout chillout chillout chillout chillout chillout chillout chillout chillout chillout  2012 2012  bass bass  beauty beauty beauty beauty beauty beauty beauty beauty  relax relax  rnb rnb rnb rnb rnb  smut smut  fav fav  dream%20pop dream%20pop dream%20pop dream%20pop dream%20pop dream%20pop dream%20pop dream%20pop  electron electron  dreamy dreamy dreamy dreamy dreamy dreamy dreamy dreamy dreamy dreamy dreamy dreamy dreamy dreamy dreamy dreamy dreamy dreamy dreamy dreamy dreamy dreamy  goosebump goosebump  amby amby amby amby amby amby amby amby  psychedel psychedel psychedel psychedel psychedel psychedel psychedel psychedel  rhythm%20and%20gloom rhythm%20and%20gloom  blaze%20to%20this%20on blaze%20to%20this%20on  a%20promise a%20promise  trb trb  better%20than%20god better%20than%20god  melanchol melanchol  masterpiec masterpiec masterpiec masterpiec masterpiec  neo%20soul neo%20soul  night night  eth eth eth eth eth eth eth eth eth eth eth eth eth eth eth eth eth eth eth  alternative%20rnb alternative%20rnb alternative%20rnb alternative%20rnb alternative%20rnb alternative%20rnb alternative%20rnb alternative%20rnb alternative%20rnb alternative%20rnb alternative%20rnb alternative%20rnb alternative%20rnb alternative%20rnb alternative%20rnb alternative%20rnb  soft soft  how%20to%20dress%20well how%20to%20dress%20well how%20to%20dress%20well how%20to%20dress%20well how%20to%20dress%20well how%20to%20dress%20well how%20to%20dress%20well how%20to%20dress%20well how%20to%20dress%20well how%20to%20dress%20well how%20to%20dress%20well how%20to%20dress%20well how%20to%20dress%20well how%20to%20dress%20well how%20to%20dress%20well how%20to%20dress%20well how%20to%20dress%20well how%20to%20dress%20well how%20to%20dress%20well how%20to%20dress%20well how%20to%20dress%20well how%20to%20dress%20well how%20to%20dress%20well how%20to%20dress%20well how%20to%20dress%20well  weird%20world weird%20world 