altern altern altern altern altern altern altern altern altern altern altern altern altern altern altern altern altern altern altern altern altern altern altern altern altern  seattl seattl seattl seattl seattl seattl seattl seattl seattl seattl seattl seattl  damien%20jurado damien%20jurado damien%20jurado damien%20jurado damien%20jurado damien%20jurado damien%20jurado damien%20jurado damien%20jurado damien%20jurado damien%20jurado damien%20jurado damien%20jurado damien%20jurado damien%20jurado damien%20jurado damien%20jurado damien%20jurado damien%20jurado damien%20jurado damien%20jurado damien%20jurado damien%20jurado damien%20jurado damien%20jurado  blue%20chucks blue%20chucks blue%20chucks blue%20chucks blue%20chucks blue%20chucks blue%20chucks blue%20chucks blue%20chucks blue%20chucks blue%20chucks blue%20chucks  museum%20of%20flight museum%20of%20flight museum%20of%20flight museum%20of%20flight museum%20of%20flight museum%20of%20flight museum%20of%20flight museum%20of%20flight museum%20of%20flight museum%20of%20flight museum%20of%20flight museum%20of%20flight museum%20of%20flight museum%20of%20flight museum%20of%20flight museum%20of%20flight museum%20of%20flight museum%20of%20flight museum%20of%20flight museum%20of%20flight museum%20of%20flight museum%20of%20flight museum%20of%20flight museum%20of%20flight museum%20of%20flight  northwest northwest northwest northwest northwest northwest northwest northwest northwest northwest northwest northwest northwest northwest northwest northwest northwest northwest northwest northwest northwest northwest northwest northwest northwest  flannel%20shirt flannel%20shirt flannel%20shirt flannel%20shirt flannel%20shirt flannel%20shirt flannel%20shirt flannel%20shirt flannel%20shirt flannel%20shirt flannel%20shirt flannel%20shirt  rock rock rock rock rock rock rock rock rock rock rock rock rock rock rock rock rock rock rock rock rock rock rock rock rock  birp birp birp birp birp birp birp birp birp birp birp birp  greys%20anatomy greys%20anatomy greys%20anatomy greys%20anatomy greys%20anatomy greys%20anatomy greys%20anatomy greys%20anatomy greys%20anatomy greys%20anatomy greys%20anatomy greys%20anatomy 