altern altern altern altern altern altern  male%20vocalist male%20vocalist male%20vocalist male%20vocalist male%20vocalist male%20vocalist male%20vocalist male%20vocalist male%20vocalist  indy indy indy indy indy indy indy indy indy indy indy indy indy indy indy indy indy indy indy indy indy indy indy indy indy  indie%20rock indie%20rock indie%20rock indie%20rock indie%20rock indie%20rock indie%20rock indie%20rock indie%20rock indie%20rock indie%20rock indie%20rock indie%20rock indie%20rock indie%20rock indie%20rock indie%20rock indie%20rock indie%20rock indie%20rock indie%20rock  imagine%20dragons imagine%20dragons imagine%20dragons imagine%20dragons imagine%20dragons imagine%20dragons imagine%20dragons imagine%20dragons imagine%20dragons imagine%20dragons imagine%20dragons imagine%20dragons imagine%20dragons imagine%20dragons imagine%20dragons imagine%20dragons imagine%20dragons imagine%20dragons imagine%20dragons imagine%20dragons imagine%20dragons imagine%20dragons imagine%20dragons imagine%20dragons imagine%20dragons imagine%20dragons imagine%20dragons imagine%20dragons imagine%20dragons imagine%20dragons imagine%20dragons imagine%20dragons imagine%20dragons imagine%20dragons imagine%20dragons imagine%20dragons imagine%20dragons imagine%20dragons imagine%20dragons imagine%20dragons  8%20of%2010%20stars 8%20of%2010%20stars 8%20of%2010%20stars  fal fal fal fal fal fal fal fal fal fal fal fal fal fal fal fal fal fal fal fal fal fal fal fal fal fal fal fal  rock rock rock rock rock rock rock rock rock rock rock rock rock rock rock rock rock rock rock rock rock rock rock rock rock  10s 10s 10s 