altern altern altern  atmospher atmospher atmospher  own%20gr own%20gr own%20gr  past%20lives past%20lives past%20lives past%20lives past%20lives past%20lives past%20lives past%20lives past%20lives past%20lives past%20lives past%20lives past%20lives past%20lives past%20lives past%20lives past%20lives past%20lives past%20lives past%20lives past%20lives past%20lives past%20lives past%20lives past%20lives  10s 10s 10s  gr%20new gr%20new gr%20new  less%20than%20100 less%20than%20100 less%20than%20100  new%20guitar%20bands new%20guitar%20bands new%20guitar%20bands  gr%20hmm gr%20hmm gr%20hmm  shoegaz shoegaz shoegaz shoegaz shoegaz shoegaz shoegaz shoegaz shoegaz shoegaz shoegaz shoegaz shoegaz shoegaz shoegaz shoegaz shoegaz shoegaz shoegaz shoegaz shoegaz shoegaz shoegaz shoegaz shoegaz  indie%20rock indie%20rock indie%20rock indie%20rock indie%20rock indie%20rock  in%20with%20the%20new in%20with%20the%20new in%20with%20the%20new  diiv diiv diiv diiv diiv diiv diiv diiv diiv diiv diiv diiv diiv diiv diiv diiv diiv diiv diiv diiv diiv diiv diiv diiv diiv  dreampop dreampop dreampop  up%20on%20trial up%20on%20trial up%20on%20trial  dream%20pop dream%20pop dream%20pop dream%20pop dream%20pop dream%20pop  indie%20roc indie%20roc indie%20roc  wish%20list wish%20list wish%20list  psychedel psychedel psychedel  indy indy indy indy indy indy  gr%20alt gr%20alt gr%20alt  post-punk%20revival post-punk%20revival post-punk%20revival  less%20than%2095 less%20than%2095 less%20than%2095  radio%20as%20i%20want%20it radio%20as%20i%20want%20it radio%20as%20i%20want%20it 