great%20bassline great%20bassline great%20bassline great%20bassline great%20bassline great%20bassline great%20bassline great%20bassline  i%20feel%20good i%20feel%20good  asparagus%20brine%20salt asparagus%20brine%20salt  ho%20ho ho%20ho  guit guit  wide%20open%20road wide%20open%20road  extrem%20haengen extrem%20haengen  general%20native-sounding%20pastiche general%20native-sounding%20pastiche general%20native-sounding%20pastiche general%20native-sounding%20pastiche general%20native-sounding%20pastiche general%20native-sounding%20pastiche general%20native-sounding%20pastiche general%20native-sounding%20pastiche  77davez-all-tracks 77davez-all-tracks 77davez-all-tracks 77davez-all-tracks 77davez-all-tracks 77davez-all-tracks 77davez-all-tracks 77davez-all-tracks  majors%20beloved%20fm majors%20beloved%20fm  bass%20melody bass%20melody bass%20melody bass%20melody bass%20melody bass%20melody bass%20melody bass%20melody  chill%20out chill%20out  spaguetti%20western spaguetti%20western  for%20thinking for%20thinking  1963 1963  the%20atlantics the%20atlantics the%20atlantics the%20atlantics the%20atlantics the%20atlantics the%20atlantics the%20atlantics the%20atlantics the%20atlantics the%20atlantics the%20atlantics the%20atlantics the%20atlantics the%20atlantics the%20atlantics the%20atlantics the%20atlantics the%20atlantics the%20atlantics the%20atlantics the%20atlantics the%20atlantics the%20atlantics the%20atlantics  kattis%20hall%20of%20fame kattis%20hall%20of%20fame kattis%20hall%20of%20fame kattis%20hall%20of%20fame kattis%20hall%20of%20fame kattis%20hall%20of%20fame  surfs%20up surfs%20up  toreadors%20of%20tension toreadors%20of%20tension toreadors%20of%20tension toreadors%20of%20tension toreadors%20of%20tension toreadors%20of%20tension toreadors%20of%20tension toreadors%20of%20tension  floor%20toms%20ftw floor%20toms%20ftw floor%20toms%20ftw floor%20toms%20ftw floor%20toms%20ftw floor%20toms%20ftw floor%20toms%20ftw floor%20toms%20ftw  beach%20rokka beach%20rokka  surf surf surf surf surf surf surf surf surf surf surf surf surf surf surf surf surf surf surf surf surf surf surf surf surf  rock%20n%20roll rock%20n%20roll  surf%20rock surf%20rock surf%20rock surf%20rock  littlebigplanet littlebigplanet  atl atl  surf%20music surf%20music  instru instru instru instru instru instru instru instru instru instru  for%20fun for%20fun  bombor bombor bombor bombor bombor bombor bombor bombor bombor bombor bombor bombor bombor bombor bombor bombor bombor bombor bombor bombor bombor bombor bombor bombor bombor bombor bombor 