altern altern altern altern  lyrical%20power lyrical%20power lyrical%20power lyrical%20power lyrical%20power lyrical%20power lyrical%20power lyrical%20power  favorit favorit favorit favorit  pop pop pop pop  00s 00s 00s 00s 00s 00s 00s 00s 00s 00s 00s 00s  2000s 2000s 2000s 2000s  male%20vocals male%20vocals male%20vocals male%20vocals  chil chil chil chil  singer-songwrit singer-songwrit singer-songwrit singer-songwrit  portland portland portland portland portland portland portland portland portland portland portland portland  likey likey likey likey  melod melod melod melod  hmm%20nice hmm%20nice hmm%20nice hmm%20nice  la la la la  catchy catchy catchy catchy  indie%20rock indie%20rock indie%20rock indie%20rock indie%20rock indie%20rock indie%20rock indie%20rock indie%20rock indie%20rock indie%20rock indie%20rock indie%20rock indie%20rock indie%20rock indie%20rock  3 3 3 3  expery expery expery expery expery expery expery expery expery expery expery expery  fet fet fet fet  post-rock post-rock post-rock post-rock post-rock post-rock post-rock post-rock  timaru timaru timaru timaru  nice%20changes nice%20changes nice%20changes nice%20changes  quirky quirky quirky quirky  bleakanddreamy bleakanddreamy bleakanddreamy bleakanddreamy  all%20time%20faves all%20time%20faves all%20time%20faves all%20time%20faves  siff siff siff siff  sexyindy sexyindy sexyindy sexyindy  tnphp%20birthday%20party tnphp%20birthday%20party tnphp%20birthday%20party tnphp%20birthday%20party  paranorm paranorm paranorm paranorm  groovy groovy groovy groovy  aleplusandmin aleplusandmin aleplusandmin aleplusandmin aleplusandmin aleplusandmin aleplusandmin aleplusandmin aleplusandmin aleplusandmin aleplusandmin aleplusandmin aleplusandmin aleplusandmin aleplusandmin aleplusandmin aleplusandmin aleplusandmin aleplusandmin aleplusandmin  indietronic indietronic indietronic indietronic  mind-expanding%20glee mind-expanding%20glee mind-expanding%20glee mind-expanding%20glee  gohst%20ship gohst%20ship gohst%20ship gohst%20ship  the%20indi the%20indi the%20indi the%20indi the%20indi the%20indi the%20indi the%20indi  group%20vocals group%20vocals group%20vocals group%20vocals  indie%20pop indie%20pop indie%20pop indie%20pop  oregon oregon oregon oregon  americain americain americain americain  electron electron electron electron electron electron electron electron electron electron electron electron electron electron electron electron  dreamy dreamy dreamy dreamy  nice%20lead nice%20lead nice%20lead nice%20lead  dul dul dul dul  mellow mellow mellow mellow mellow mellow mellow mellow mellow mellow mellow mellow mellow mellow mellow mellow mellow mellow mellow mellow mellow mellow mellow mellow mellow  silent%20evening silent%20evening silent%20evening silent%20evening  menomen menomen menomen menomen menomen menomen menomen menomen menomen menomen menomen menomen menomen menomen menomen menomen menomen menomen menomen menomen menomen menomen menomen menomen menomen menomen menomen menomen menomen menomen menomen menomen menomen  cool cool cool cool  ghost ghost ghost ghost ghost ghost ghost ghost ghost ghost ghost ghost ghost ghost ghost ghost ghost ghost ghost ghost ghost ghost ghost ghost ghost ghost ghost ghost ghost  male%20vocalists male%20vocalists male%20vocalists male%20vocalists  male%20vocalist male%20vocalist male%20vocalist male%20vocalist  close%20harmony close%20harmony close%20harmony close%20harmony  synthy synthy synthy synthy synthy synthy synthy synthy  indy indy indy indy indy indy indy indy  one-paced one-paced one-paced one-paced  clangy clangy clangy clangy  music%20for%20sleepless%20nights music%20for%20sleepless%20nights music%20for%20sleepless%20nights music%20for%20sleepless%20nights music%20for%20sleepless%20nights music%20for%20sleepless%20nights music%20for%20sleepless%20nights music%20for%20sleepless%20nights  clar clar clar clar  arrangement%20brilli arrangement%20brilli arrangement%20brilli arrangement%20brilli 