 brit brit brit brit brit brit brit brit brit brit brit brit brit brit brit brit       indie%20rock indie%20rock indie%20rock indie%20rock indie%20rock indie%20rock indie%20rock indie%20rock indie%20rock indie%20rock indie%20rock indie%20rock indie%20rock indie%20rock indie%20rock indie%20rock indie%20rock indie%20rock indie%20rock indie%20rock indie%20rock indie%20rock indie%20rock indie%20rock indie%20rock  garage%20rock                 rock rock rock rock rock rock rock rock rock rock rock rock rock rock rock         altern altern altern altern altern altern altern altern altern altern altern                         fake%20tales%20of%20san%20francisco fake%20tales%20of%20san%20francisco fake%20tales%20of%20san%20francisco fake%20tales%20of%20san%20francisco fake%20tales%20of%20san%20francisco fake%20tales%20of%20san%20francisco fake%20tales%20of%20san%20francisco fake%20tales%20of%20san%20francisco fake%20tales%20of%20san%20francisco fake%20tales%20of%20san%20francisco fake%20tales%20of%20san%20francisco fake%20tales%20of%20san%20francisco fake%20tales%20of%20san%20francisco fake%20tales%20of%20san%20francisco fake%20tales%20of%20san%20francisco fake%20tales%20of%20san%20francisco fake%20tales%20of%20san%20francisco fake%20tales%20of%20san%20francisco fake%20tales%20of%20san%20francisco fake%20tales%20of%20san%20francisco fake%20tales%20of%20san%20francisco fake%20tales%20of%20san%20francisco fake%20tales%20of%20san%20francisco fake%20tales%20of%20san%20francisco fake%20tales%20of%20san%20francisco           uk    alternative%20rock alternative%20rock alternative%20rock alternative%20rock  favourit     arctic%20monkeys arctic%20monkeys arctic%20monkeys arctic%20monkeys arctic%20monkeys arctic%20monkeys arctic%20monkeys arctic%20monkeys arctic%20monkeys arctic%20monkeys arctic%20monkeys arctic%20monkeys arctic%20monkeys arctic%20monkeys arctic%20monkeys arctic%20monkeys arctic%20monkeys arctic%20monkeys arctic%20monkeys arctic%20monkeys arctic%20monkeys arctic%20monkeys arctic%20monkeys arctic%20monkeys arctic%20monkeys arctic%20monkeys arctic%20monkeys arctic%20monkeys arctic%20monkeys arctic%20monkeys arctic%20monkeys arctic%20monkeys arctic%20monkeys  00s      britpop britpop britpop  post-punk      brit%20rock brit%20rock   indy indy indy indy indy indy indy indy indy indy indy indy indy indy indy indy indy indy indy indy      favorit    awesom 