amby amby  post-metal post-metal  favourit favourit  justin justin justin justin justin justin  person person  list list  shoegaz shoegaz shoegaz shoegaz shoegaz shoegaz shoegaz shoegaz shoegaz shoegaz shoegaz shoegaz shoegaz  expery expery expery expery expery expery expery expery expery expery expery expery expery expery expery expery expery expery expery expery  michael michael  pop pop  met met met met met met met met met met met  lov lov  sur sur  jesu jesu jesu jesu jesu jesu jesu jesu jesu jesu jesu jesu jesu jesu jesu jesu jesu jesu jesu jesu jesu jesu jesu jesu jesu jesu jesu  broadrick broadrick broadrick broadrick broadrick broadrick  post post post post post post  doom doom doom doom  dream dream dream dream dream dream dream dream dream dream dream dream dream dream dream dream dream dream dream dream dream dream dream dream dream dream dream dream dream  post-rock post-rock post-rock post-rock post-rock post-rock post-rock post-rock post-rock post-rock post-rock post-rock post-rock post-rock post-rock post-rock post-rock post-rock post-rock post-rock post-rock post-rock post-rock post-rock post-rock  karl karl  dron dron dron dron dron dron dron dron dron dron dron dron dron dron dron dron dron dron dron dron dron dron 