art   washington washington  iv iv iv iv iv iv iv iv iv iv iv iv iv iv iv iv iv iv iv iv iv iv iv iv iv        amby amby  mus   somafm somafm somafm somafm somafm somafm somafm somafm somafm somafm somafm somafm somafm somafm somafm somafm somafm somafm somafm somafm somafm somafm somafm somafm somafm     ourano ourano ourano ourano ourano ourano ourano ourano ourano ourano ourano ourano ourano ourano ourano ourano ourano ourano ourano ourano ourano ourano ourano ourano ourano   dc  groovesalad groovesalad groovesalad groovesalad groovesalad groovesalad groovesalad groovesalad groovesalad groovesalad groovesalad groovesalad groovesalad groovesalad groovesalad groovesalad groovesalad groovesalad groovesalad groovesalad groovesalad groovesalad groovesalad groovesalad groovesalad  band  holm holm holm holm holm holm holm holm holm holm holm holm holm holm holm holm holm holm holm holm holm holm holm holm holm   indy indy   