        easy easy easy      jazz   electron electron electron electron electron electron electron electron electron electron electron electron electron electron electron electron electron electron electron  dreamy      list list       professionnel professionnel professionnel professionnel professionnel professionnel professionnel professionnel professionnel professionnel professionnel professionnel professionnel professionnel professionnel professionnel professionnel professionnel professionnel professionnel professionnel professionnel professionnel professionnel professionnel   90s 90s   amby amby amby amby amby amby amby amby amby amby amby amby amby amby amby amby amby amby      smoo   altern     french french french french french french    les les les les les les les les les les les les les les les les les les les les les les les les les    trip-hop trip-hop trip-hop trip-hop trip-hop trip-hop  downtempo downtempo downtempo downtempo downtempo downtempo downtempo downtempo downtempo downtempo downtempo            pop pop pop pop pop  atmosph atmosph  electronic electronic electronic electronic electronic electronic electronic electronic electronic electronic electronic electronic electronic electronic     loung loung loung loung loung loung loung loung loung      chillout chillout chillout chillout chillout chillout chillout chillout chillout chillout chillout chillout chillout chillout chillout chillout chillout chillout chillout chillout chillout chillout chillout chillout chillout  polyazton    mellow mellow        air air air air air air air air air air air air air air air air air air air air air air air air air air air air air air air air air        chil chil chil chil chil chil chil chil  77davez-all-tracks 77davez-all-tracks 77davez-all-tracks 77davez-all-tracks           electro electro electro         indy indy indy   instru instru instru instru instru instru instru instru instru    